ascat_1,ascat_2,ascat_3,date,nic_1,nic_2,nic_3,size_1,size_2
-69.7914,21.1861,1,2015132,0,0,0,0,0
-69.6773,20.3218,1,2015133,0,0,0,0,0
-69.6448,19.8005,1,2015134,0,0,0,0,0
-69.5157,18.2226,1,2015135,-69.98,21.78,1,11,2
-69.4799,18.0136,1,2015136,-69.8417,20.5222,0,0,0
-69.4345,17.1677,1,2015137,-69.709,19.3161,0,0,0
-69.3619,16.8989,1,2015138,-69.5877,18.2133,0,0,0
-69.3739,16.5256,1,2015139,-69.4835,17.2657,0,0,0
-69.3209,16.0997,1,2015140,-69.402,16.5248,0,0,0
-69.3553,15.8061,1,2015141,-69.349,16.0423,0,0,0
-69.3553,15.8061,1,2015142,-69.33,15.87,1,11,2
-69.3553,15.8061,1,2015143,-69.33,15.87,0,0,0
-69.3936,15.8369,1,2015144,-69.33,15.87,0,0,0
-69.4108,15.8511,1,2015145,-69.33,15.87,0,0,0
-69.3748,15.7045,1,2015146,-69.33,15.87,0,0,0
-69.3324,15.7584,1,2015147,-69.33,15.87,0,0,0
-69.374,15.8508,1,2015148,-69.33,15.87,0,0,0
-69.3565,15.7483,1,2015149,-69.33,15.87,1,11,2
-69.3584,15.8674,1,2015150,-69.33,15.87,0,0,0
-69.3725,15.8202,1,2015151,-69.33,15.87,0,0,0
-69.3192,15.6602,1,2015152,-69.33,15.87,0,0,0
-69.3736,15.762,1,2015153,-69.33,15.87,0,0,0
-69.3429,15.8843,1,2015154,-69.33,15.87,0,0,0
-69.357,15.8542,1,2015155,-69.33,15.87,0,0,0
-69.357,15.8542,1,2015156,-69.33,15.87,1,11,2
-69.357,15.8542,1,2015157,-69.3311,15.8695,0,0,0
-69.3309,15.7279,1,2015158,-69.334,15.8681,0,0,0
-69.3309,15.7279,1,2015159,-69.3379,15.8659,0,0,0
-69.3309,15.7279,1,2015160,-69.3421,15.8629,0,0,0
-69.3309,15.7279,1,2015161,-69.346,15.8592,0,0,0
-69.3309,15.7279,1,2015162,-69.3489,15.8549,0,0,0
-69.3309,15.7279,1,2015163,-69.35,15.85,1,11,2
-69.3523,15.7453,1,2015164,-69.35,15.8399,0,0,0
-69.3523,15.7453,1,2015165,-69.35,15.8213,0,0,0
-69.3523,15.7453,1,2015166,-69.35,15.7964,0,0,0
-69.3523,15.7453,1,2015167,-69.35,15.7676,0,0,0
-69.3785,15.6192,1,2015168,-69.35,15.7371,0,0,0
-69.3412,15.5313,1,2015169,-69.35,15.7071,0,0,0
-69.2851,15.3999,1,2015170,-69.35,15.68,1,11,2
-69.2851,15.3999,0,2015171,-69.3472,15.6517,0,0,0
-69.2851,15.3999,1,2015172,-69.3401,15.6188,0,0,0
-69.2851,15.3999,1,2015173,-69.3303,15.5847,0,0,0
-69.2851,15.3999,1,2015174,-69.3197,15.5525,0,0,0
-69.2851,15.3999,1,2015175,-69.3099,15.5255,0,0,0
-69.2851,15.3999,1,2015176,-69.3028,15.5069,0,0,0
-69.2851,15.3999,1,2015177,-69.3,15.5,1,11,2
-69.2851,15.3999,1,2015178,-69.3,15.5,0,0,0
-69.2851,15.3999,1,2015179,-69.3,15.5,0,0,0
-69.2851,15.3999,1,2015180,-69.3,15.5,0,0,0
-69.2851,15.3999,1,2015181,-69.3,15.5,0,0,0
-69.2851,15.3999,1,2015182,-69.3,15.5,0,0,0
-69.3286,15.5217,1,2015183,-69.3,15.5,0,0,0
-69.3286,15.5217,1,2015184,-69.3,15.5,1,11,2
-69.3286,15.5217,1,2015185,-69.3,15.5,0,0,0
-69.3286,15.5217,1,2015186,-69.3,15.5,0,0,0
-69.3286,15.5217,1,2015187,-69.3,15.5,0,0,0
-69.3107,15.4198,1,2015188,-69.3,15.5,0,0,0
-69.3107,15.4198,1,2015189,-69.3,15.5,0,0,0
-69.3107,15.4198,1,2015190,-69.3,15.5,0,0,0
-69.2644,15.4714,1,2015191,-69.3,15.5,1,11,2
-69.2644,15.4714,1,2015192,-69.3,15.5,0,0,0
-69.2644,15.4714,1,2015193,-69.3,15.5,0,0,0
-69.2644,15.4714,0,2015194,-69.3,15.5,0,0,0
-69.2644,15.4714,1,2015195,-69.3,15.5,0,0,0
-69.2644,15.4714,1,2015196,-69.3,15.5,0,0,0
-69.2644,15.4714,1,2015197,-69.3,15.5,0,0,0
-69.2644,15.4714,1,2015198,-69.3,15.5,1,11,2
-69.2644,15.4714,1,2015199,0,0,0,0,0
-69.2741,15.4205,1,2015200,0,0,0,0,0
-69.2741,15.4205,1,2015201,0,0,0,0,0
-69.2747,15.5086,1,2015202,0,0,0,0,0
-69.2747,15.5086,1,2015203,0,0,0,0,0
-69.3169,15.4536,1,2015204,0,0,0,0,0
-69.3169,15.4536,1,2015205,0,0,0,0,0
-69.3169,15.4536,1,2015206,0,0,0,0,0
-69.3169,15.4536,1,2015207,0,0,0,0,0
-69.3169,15.4536,1,2015208,0,0,0,0,0
-69.3169,15.4536,1,2015209,0,0,0,0,0
-69.3169,15.4536,1,2015210,0,0,0,0,0
-69.3169,15.4536,1,2015211,0,0,0,0,0
-69.3169,15.4536,1,2015212,-69.3,15.5,1,11,2
-69.3169,15.4536,1,2015213,-69.3,15.5,0,0,0
-69.3169,15.4536,1,2015214,-69.3,15.5,0,0,0
-69.3169,15.4536,1,2015215,-69.3,15.5,0,0,0
-69.3169,15.4536,1,2015216,-69.3,15.5,0,0,0
-69.3169,15.4536,1,2015217,-69.3,15.5,0,0,0
-69.3169,15.4536,1,2015218,-69.3,15.5,0,0,0
-69.2927,15.4643,1,2015219,-69.3,15.5,1,11,2
-69.2927,15.4643,1,2015220,-69.3,15.5,0,0,0
-69.3354,15.4977,1,2015221,-69.3,15.5,0,0,0
-69.3354,15.4977,1,2015222,-69.3,15.5,0,0,0
-69.314,15.4809,1,2015223,-69.3,15.5,0,0,0
-69.3328,15.525,1,2015224,-69.3,15.5,0,0,0
-69.3328,15.525,1,2015225,-69.3,15.5,0,0,0
-69.3162,15.9223,1,2015226,-69.3,15.5,1,11,2
-69.2729,15.7107,1,2015227,0,0,0,0,0
-69.2729,15.7107,1,2015228,0,0,0,0,0
-69.2853,15.5953,0,2015229,0,0,0,0,0
-69.2978,15.4799,1,2015230,0,0,0,0,0
-69.2978,15.4799,1,2015231,0,0,0,0,0
-69.2978,15.4799,1,2015232,0,0,0,0,0
-69.2978,15.4799,1,2015233,0,0,0,0,0
-69.2978,15.4799,1,2015234,0,0,0,0,0
-69.2978,15.4799,1,2015235,0,0,0,0,0
-69.2978,15.4799,1,2015236,0,0,0,0,0
-69.2978,15.4799,1,2015237,0,0,0,0,0
-69.2978,15.4799,1,2015238,0,0,0,0,0
-69.3064,15.4969,1,2015239,0,0,0,0,0
-69.3064,15.4969,1,2015240,-69.3,15.5,1,11,2
-69.3064,15.4969,1,2015241,0,0,0,0,0
-69.3064,15.4969,1,2015242,0,0,0,0,0
-69.3064,15.4969,1,2015243,0,0,0,0,0
-69.3064,15.4969,1,2015244,0,0,0,0,0
-69.3064,15.4969,1,2015245,0,0,0,0,0
-69.3064,15.4969,1,2015246,0,0,0,0,0
-69.3064,15.4969,0,2015247,0,0,0,0,0
-69.3064,15.4969,1,2015248,0,0,0,0,0
-69.3064,15.4969,1,2015249,0,0,0,0,0
-69.3064,15.4969,1,2015250,0,0,0,0,0
-69.3064,15.4969,1,2015251,0,0,0,0,0
-69.3064,15.4969,0,2015252,0,0,0,0,0
-69.3064,15.4969,1,2015253,0,0,0,0,0
-69.3064,15.4969,1,2015254,0,0,0,0,0
-69.3064,15.4969,1,2015255,0,0,0,0,0
-69.3064,15.4969,1,2015256,0,0,0,0,0
-69.3064,15.4969,1,2015257,0,0,0,0,0
-69.3064,15.4969,1,2015258,0,0,0,0,0
-69.3064,15.4969,1,2015259,0,0,0,0,0
-69.3064,15.4969,0,2015260,0,0,0,0,0
-69.3064,15.4969,1,2015261,0,0,0,0,0
-69.3064,15.4969,1,2015262,0,0,0,0,0
-69.3064,15.4969,1,2015263,0,0,0,0,0
-69.3064,15.4969,0,2015264,0,0,0,0,0
-69.3064,15.4969,1,2015265,0,0,0,0,0
-69.3064,15.4969,1,2015266,0,0,0,0,0
-69.3064,15.4969,1,2015267,0,0,0,0,0
-69.3064,15.4969,1,2015268,0,0,0,0,0
-69.3064,15.4969,1,2015269,0,0,0,0,0
-69.3064,15.4969,1,2015270,0,0,0,0,0
-69.3215,15.6553,1,2015271,0,0,0,0,0
-69.3215,15.6553,1,2015272,0,0,0,0,0
-69.3215,15.6553,1,2015273,0,0,0,0,0
-69.3215,15.6553,1,2015274,0,0,0,0,0
-69.3215,15.6553,1,2015275,0,0,0,0,0
-69.3215,15.6553,1,2015276,0,0,0,0,0
-69.3215,15.6553,1,2015277,0,0,0,0,0
-69.3215,15.6553,1,2015278,0,0,0,0,0
-69.3215,15.6553,1,2015279,0,0,0,0,0
-69.3215,15.6553,0,2015280,0,0,0,0,0
-69.3215,15.6553,1,2015281,0,0,0,0,0
-69.3215,15.6553,1,2015282,0,0,0,0,0
-69.3215,15.6553,1,2015283,0,0,0,0,0
-69.3215,15.6553,1,2015284,0,0,0,0,0
-69.3215,15.6553,1,2015285,0,0,0,0,0
-69.3215,15.6553,1,2015286,0,0,0,0,0
-69.3215,15.6553,1,2015287,0,0,0,0,0
-69.3416,15.455,1,2015288,0,0,0,0,0
-69.3416,15.455,1,2015289,0,0,0,0,0
-69.3416,15.455,1,2015290,0,0,0,0,0
-69.3416,15.455,1,2015291,0,0,0,0,0
-69.3416,15.455,0,2015292,0,0,0,0,0
-69.3416,15.455,1,2015293,0,0,0,0,0
-69.3449,15.4466,1,2015294,0,0,0,0,0
-69.3449,15.4466,1,2015295,0,0,0,0,0
-69.3449,15.4466,1,2015296,0,0,0,0,0
-69.3449,15.4466,1,2015297,0,0,0,0,0
-69.3449,15.4466,1,2015298,0,0,0,0,0
-69.3449,15.4466,1,2015299,0,0,0,0,0
-69.3449,15.4466,1,2015300,0,0,0,0,0
-69.3449,15.4466,1,2015301,0,0,0,0,0
-69.3536,15.5393,1,2015302,0,0,0,0,0
-69.3536,15.5393,1,2015303,0,0,0,0,0
-69.3536,15.5393,1,2015304,0,0,0,0,0
-69.3536,15.5393,1,2015305,0,0,0,0,0
-69.3536,15.5393,1,2015306,0,0,0,0,0
-69.3536,15.5393,1,2015307,0,0,0,0,0
-69.3536,15.5393,1,2015308,0,0,0,0,0
-69.3536,15.5393,1,2015309,0,0,0,0,0
-69.3536,15.5393,1,2015310,0,0,0,0,0
-69.3536,15.5393,1,2015311,0,0,0,0,0
-69.3536,15.5393,1,2015312,0,0,0,0,0
-69.3536,15.5393,0,2015313,0,0,0,0,0
-69.3536,15.5393,1,2015314,0,0,0,0,0
-69.3536,15.5393,1,2015315,0,0,0,0,0
-69.3536,15.5393,1,2015316,0,0,0,0,0
-69.3536,15.5393,1,2015317,0,0,0,0,0
-69.3536,15.5393,1,2015318,0,0,0,0,0
-69.3536,15.5393,1,2015319,0,0,0,0,0
-69.3536,15.5393,1,2015320,0,0,0,0,0
-69.3536,15.5393,1,2015321,0,0,0,0,0
-69.3536,15.5393,0,2015322,0,0,0,0,0
-69.3536,15.5393,1,2015323,0,0,0,0,0
-69.3536,15.5393,1,2015324,0,0,0,0,0
-69.3536,15.5393,1,2015325,0,0,0,0,0
-69.3536,15.5393,1,2015326,0,0,0,0,0
-69.3536,15.5393,1,2015327,0,0,0,0,0
-69.3536,15.5393,0,2015328,0,0,0,0,0
-69.3536,15.5393,1,2015329,0,0,0,0,0
-69.3536,15.5393,1,2015330,0,0,0,0,0
-69.3536,15.5393,1,2015331,0,0,0,0,0
-69.3536,15.5393,1,2015332,0,0,0,0,0
-69.3536,15.5393,1,2015333,0,0,0,0,0
-69.3536,15.5393,0,2015334,0,0,0,0,0
-69.3536,15.5393,1,2015335,0,0,0,0,0
-69.3536,15.5393,1,2015336,0,0,0,0,0
-69.3536,15.5393,1,2015337,0,0,0,0,0
-69.3536,15.5393,1,2015338,0,0,0,0,0
-69.3536,15.5393,1,2015339,0,0,0,0,0
-69.3536,15.5393,1,2015340,0,0,0,0,0
-69.3536,15.5393,0,2015341,0,0,0,0,0
-69.3536,15.5393,1,2015342,0,0,0,0,0
-69.3536,15.5393,1,2015343,0,0,0,0,0
-69.3218,15.5421,1,2015344,0,0,0,0,0
-69.3218,15.5421,1,2015345,0,0,0,0,0
-69.3218,15.5421,1,2015346,0,0,0,0,0
-69.3218,15.5421,1,2015347,0,0,0,0,0
-69.3218,15.5421,0,2015348,0,0,0,0,0
-69.3218,15.5421,1,2015349,0,0,0,0,0
-69.3218,15.5421,1,2015350,0,0,0,0,0
-69.3218,15.5421,1,2015351,0,0,0,0,0
-69.3218,15.5421,1,2015352,0,0,0,0,0
-69.3218,15.5421,1,2015353,0,0,0,0,0
-69.3218,15.5421,1,2015354,0,0,0,0,0
-69.3218,15.5421,1,2015355,0,0,0,0,0
-69.3218,15.5421,1,2015356,0,0,0,0,0
-69.3218,15.5421,1,2015357,0,0,0,0,0
-69.3218,15.5421,1,2015358,0,0,0,0,0
-69.3218,15.5421,1,2015359,0,0,0,0,0
-69.3218,15.5421,1,2015360,0,0,0,0,0
-69.3218,15.5421,1,2015361,0,0,0,0,0
-69.3218,15.5421,0,2015362,0,0,0,0,0
-69.3218,15.5421,1,2015363,0,0,0,0,0
-69.3218,15.5421,1,2015364,0,0,0,0,0
-69.3218,15.5421,1,2015365,0,0,0,0,0
-69.3005,15.6191,0,2016001,0,0,0,0,0
-69.289,15.661,1,2016002,0,0,0,0,0
-69.2943,15.6147,1,2016003,0,0,0,0,0
-69.2978,15.4728,1,2016004,0,0,0,0,0
-69.2978,15.4728,1,2016005,0,0,0,0,0
-69.2978,15.4728,1,2016006,0,0,0,0,0
-69.2928,15.6308,1,2016007,0,0,0,0,0
-69.2928,15.6308,1,2016008,0,0,0,0,0
-69.2928,15.6308,1,2016009,0,0,0,0,0
-69.2928,15.6308,1,2016010,0,0,0,0,0
-69.2928,15.6308,1,2016011,0,0,0,0,0
-69.2928,15.6308,1,2016012,0,0,0,0,0
-69.2928,15.6308,1,2016013,0,0,0,0,0
-69.2928,15.6308,0,2016014,0,0,0,0,0
-69.2928,15.6308,1,2016015,0,0,0,0,0
-69.3472,15.1646,1,2016016,0,0,0,0,0
-69.3472,15.1646,1,2016017,0,0,0,0,0
-69.3177,14.8268,1,2016018,0,0,0,0,0
-69.2874,14.4832,1,2016019,0,0,0,0,0
-69.3057,14.1811,1,2016020,0,0,0,0,0
-69.3057,14.1811,1,2016021,0,0,0,0,0
-69.3729,14.1301,1,2016022,0,0,0,0,0
-69.3729,14.1301,1,2016023,0,0,0,0,0
-69.4136,14.1261,1,2016024,0,0,0,0,0
-69.4136,14.1261,1,2016025,0,0,0,0,0
-69.4487,13.956,1,2016026,0,0,0,0,0
-69.4487,13.956,1,2016027,0,0,0,0,0
-69.4487,13.956,1,2016028,0,0,0,0,0
-69.4487,13.956,1,2016029,0,0,0,0,0
-69.4487,13.956,1,2016030,0,0,0,0,0
-69.4389,13.8881,0,2016031,0,0,0,0,0
-69.4292,13.8203,1,2016032,0,0,0,0,0
-69.4292,13.8203,1,2016033,0,0,0,0,0
-69.4292,13.8203,1,2016034,0,0,0,0,0
-69.4292,13.8203,1,2016035,0,0,0,0,0
-69.4292,13.8203,1,2016036,0,0,0,0,0
-69.4292,13.8203,1,2016037,0,0,0,0,0
-69.4166,13.9732,1,2016038,0,0,0,0,0
-69.4166,13.9732,1,2016039,0,0,0,0,0
-69.4166,13.9732,1,2016040,0,0,0,0,0
-69.4166,13.9732,1,2016041,0,0,0,0,0
-69.4166,13.9732,1,2016042,0,0,0,0,0
-69.4166,13.9732,1,2016043,0,0,0,0,0
-69.4166,13.9732,1,2016044,0,0,0,0,0
-69.4166,13.9732,1,2016045,0,0,0,0,0
-69.4166,13.9732,1,2016046,0,0,0,0,0
-69.4686,13.2403,1,2016047,0,0,0,0,0
-69.4505,13.0802,1,2016048,0,0,0,0,0
-69.4505,13.0802,1,2016049,0,0,0,0,0
-69.5316,12.4603,1,2016050,0,0,0,0,0
-69.4998,12.3253,1,2016051,0,0,0,0,0
-69.5566,12.1329,1,2016052,0,0,0,0,0
-69.5328,11.8856,1,2016053,0,0,0,0,0
-69.6565,11.1542,1,2016054,0,0,0,0,0
-69.9097,8.2697,1,2016055,0,0,0,0,0
-69.8134,9.8121,1,2016056,0,0,0,0,0
-69.846,8.4866,1,2016057,0,0,0,0,0
-69.9184,8.2864,1,2016058,0,0,0,0,0
-70.0451,7.3167,1,2016059,0,0,0,0,0
-70.0451,7.3167,1,2016060,0,0,0,0,0
-70.0407,6.6547,1,2016061,0,0,0,0,0
-70.1032,5.5192,1,2016062,0,0,0,0,0
-70.0577,4.6411,1,2016063,0,0,0,0,0
-70.0972,4.3609,1,2016064,0,0,0,0,0
-70.0972,4.3609,1,2016065,0,0,0,0,0
-70.1127,4.124,1,2016066,0,0,0,0,0
-70.0855,3.985,1,2016067,0,0,0,0,0
-70.0855,3.985,1,2016068,0,0,0,0,0
-70.0855,3.985,1,2016069,0,0,0,0,0
-70.0855,3.985,1,2016070,0,0,0,0,0
-70.0855,3.985,1,2016071,0,0,0,0,0
-70.0855,3.985,1,2016072,0,0,0,0,0
-70.0855,3.985,1,2016073,0,0,0,0,0
-70.0855,3.985,1,2016074,0,0,0,0,0
-70.0855,3.985,0,2016075,0,0,0,0,0
-70.0855,3.985,1,2016076,0,0,0,0,0
-70.0855,3.985,1,2016077,0,0,0,0,0
-69.948,4.9641,1,2016078,0,0,0,0,0
-69.9548,5.1248,1,2016079,0,0,0,0,0
-69.9548,5.1248,1,2016080,0,0,0,0,0
-69.9476,5.3511,1,2016081,0,0,0,0,0
-69.9476,5.3511,1,2016082,0,0,0,0,0
-70.0356,6.0579,1,2016083,0,0,0,0,0
-70.3143,8.9443,1,2016085,0,0,0,0,0
-70.3143,8.9443,1,2016086,0,0,0,0,0
-70.3143,8.9443,1,2016087,0,0,0,0,0
-70.3143,8.9443,1,2016088,0,0,0,0,0
-70.7705,10.2358,1,2016090,0,0,0,0,0
-70.7705,10.2358,1,2016091,0,0,0,0,0
-70.7705,10.2358,1,2016092,0,0,0,0,0
-70.7705,10.2358,1,2016093,0,0,0,0,0
-70.7705,10.2358,1,2016094,0,0,0,0,0
-70.7705,10.2358,1,2016095,0,0,0,0,0
-71.4629,14.8364,1,2016096,0,0,0,0,0
-71.4629,14.8364,1,2016097,0,0,0,0,0
-71.4629,14.8364,1,2016098,0,0,0,0,0
-71.3811,14.9622,1,2016099,0,0,0,0,0
-71.3811,14.9622,1,2016100,0,0,0,0,0
-71.3811,14.9622,1,2016101,0,0,0,0,0
-71.3811,14.9622,1,2016102,0,0,0,0,0
-72.13,16.6935,1,2016103,0,0,0,0,0
-72.13,16.6935,1,2016104,0,0,0,0,0
-72.13,16.6935,1,2016105,0,0,0,0,0
-72.2282,16.8396,1,2016106,0,0,0,0,0
-72.2282,16.8396,1,2016107,0,0,0,0,0
-72.2282,16.8396,1,2016108,0,0,0,0,0
-72.2282,16.8396,1,2016109,0,0,0,0,0
-72.2282,16.8396,1,2016110,0,0,0,0,0
-72.2282,16.8396,1,2016111,0,0,0,0,0
-72.2282,16.8396,1,2016112,0,0,0,0,0
-72.2282,16.8396,1,2016113,0,0,0,0,0
-72.2282,16.8396,1,2016114,0,0,0,0,0
-72.2282,16.8396,1,2016115,0,0,0,0,0
-73.5264,20.9031,1,2016119,0,0,0,0,0
-73.5264,20.9031,1,2016120,0,0,0,0,0
-73.5264,20.9031,1,2016121,0,0,0,0,0
-73.8197,24.5584,1,2016122,0,0,0,0,0
-73.8174,24.4779,1,2016123,0,0,0,0,0
-73.8174,24.4779,1,2016124,0,0,0,0,0
-73.8174,24.4779,1,2016125,0,0,0,0,0
-73.8174,24.4779,1,2016126,0,0,0,0,0
-73.8174,24.4779,1,2016127,0,0,0,0,0
-73.8174,24.4779,1,2016128,0,0,0,0,0
-73.8174,24.4779,1,2016129,0,0,0,0,0
-73.759,29.655,1,2016133,0,0,0,0,0
-73.759,29.655,1,2016136,0,0,0,0,0
-73.759,29.655,1,2016137,0,0,0,0,0
-73.759,29.655,1,2016138,0,0,0,0,0
-73.759,29.655,1,2016139,0,0,0,0,0
-73.7673,29.6663,1,2016140,0,0,0,0,0
-73.7673,29.6663,1,2016141,0,0,0,0,0
-73.7673,29.6663,1,2016142,0,0,0,0,0
-73.7673,29.6663,1,2016143,0,0,0,0,0
-73.7673,29.6663,1,2016144,0,0,0,0,0
-73.7673,29.6663,1,2016145,0,0,0,0,0
-73.7673,29.6663,1,2016146,0,0,0,0,0
-73.7673,29.6663,1,2016147,0,0,0,0,0
-73.7673,29.6663,1,2016148,0,0,0,0,0
-73.7673,29.6663,1,2016149,0,0,0,0,0
-73.7673,29.6663,1,2016150,0,0,0,0,0
-73.7673,29.6663,1,2016151,0,0,0,0,0
-73.7673,29.6663,1,2016152,0,0,0,0,0
-73.7673,29.6663,1,2016153,0,0,0,0,0
-73.7673,29.6663,1,2016154,0,0,0,0,0
-73.7673,29.6663,1,2016155,0,0,0,0,0
-73.266,31.3139,1,2016156,0,0,0,0,0
-73.266,31.3139,1,2016157,0,0,0,0,0
-72.8757,31.5088,1,2016158,0,0,0,0,0
-72.8757,31.5088,1,2016159,0,0,0,0,0
-72.4269,31.2437,1,2016160,0,0,0,0,0
-72.4269,31.2437,1,2016161,0,0,0,0,0
-72.2729,31.1565,1,2016162,0,0,0,0,0
-72.3595,32.2436,1,2016163,0,0,0,0,0
-72.3595,32.2436,1,2016164,0,0,0,0,0
-72.3595,32.2436,1,2016165,0,0,0,0,0
-72.026,33.5942,1,2016182,0,0,0,0,0
-72.026,33.5942,1,2016183,0,0,0,0,0
-72.026,33.5942,1,2016184,0,0,0,0,0
-72.026,33.5942,1,2016186,0,0,0,0,0
-72.026,33.5942,1,2016188,0,0,0,0,0
-72.026,33.5942,1,2016189,0,0,0,0,0
-72.026,33.5942,1,2016190,0,0,0,0,0
-72.026,33.5942,1,2016191,0,0,0,0,0
-72.026,33.5942,1,2016192,0,0,0,0,0
-72.026,33.5942,1,2016193,0,0,0,0,0
-71.3202,35.3791,1,2016195,0,0,0,0,0
-71.3283,35.3667,1,2016196,0,0,0,0,0
-71.4878,35.3242,1,2016197,0,0,0,0,0
-71.5013,35.3634,1,2016198,0,0,0,0,0
-71.5013,35.3634,1,2016199,0,0,0,0,0
-71.5013,35.3634,1,2016200,0,0,0,0,0
-71.5013,35.3634,1,2016201,0,0,0,0,0
-71.5013,35.3634,1,2016202,0,0,0,0,0
-71.5013,35.3634,1,2016203,0,0,0,0,0
-71.5013,35.3634,1,2016204,0,0,0,0,0
-71.5013,35.3634,1,2016205,0,0,0,0,0
-71.5013,35.3634,1,2016206,0,0,0,0,0
-71.5013,35.3634,1,2016207,0,0,0,0,0
-71.5013,35.3634,1,2016208,0,0,0,0,0
-71.5013,35.3634,1,2016209,0,0,0,0,0
-71.5013,35.3634,1,2016210,0,0,0,0,0
-71.1107,35.051,1,2016211,0,0,0,0,0
-71.0923,35.0024,1,2016212,0,0,0,0,0
-71.0762,34.9677,1,2016213,0,0,0,0,0
-71.09,34.9615,1,2016214,0,0,0,0,0
-71.0717,34.9872,1,2016215,0,0,0,0,0
-71.0462,35.2623,1,2016216,0,0,0,0,0
-71.0711,35.15,1,2016217,0,0,0,0,0
-71.0526,35.0673,1,2016218,0,0,0,0,0
-71.0616,35.0866,1,2016219,0,0,0,0,0
-71.0424,35.2248,1,2016220,0,0,0,0,0
-71.9237,36.0349,1,2016222,0,0,0,0,0
-71.9364,35.8925,1,2016223,0,0,0,0,0
-71.9348,35.8435,1,2016224,0,0,0,0,0
-71.9076,35.8563,1,2016225,0,0,0,0,0
-71.9103,35.9005,1,2016226,0,0,0,0,0
-71.9119,35.9495,1,2016227,0,0,0,0,0
-71.9201,35.9688,1,2016229,0,0,0,0,0
-71.906,35.8597,1,2016230,0,0,0,0,0
-70.9435,39.8508,1,2016232,0,0,0,0,0
-71.0018,39.8315,1,2016233,0,0,0,0,0
-70.9735,39.9807,1,2016234,0,0,0,0,0
-70.9645,40.0102,1,2016236,0,0,0,0,0
-70.9333,39.9301,1,2016237,0,0,0,0,0
-70.3805,38.8222,1,2016239,0,0,0,0,0
-70.3519,38.8403,1,2016240,0,0,0,0,0
-70.3361,38.8025,1,2016241,0,0,0,0,0
-70.3683,38.8796,1,2016242,0,0,0,0,0
-70.3378,38.9884,1,2016244,0,0,0,0,0
-70.3367,38.9926,1,2016245,0,0,0,0,0
-70.307,38.9577,1,2016247,0,0,0,0,0
-70.3304,38.8752,1,2016248,0,0,0,0,0
-70.3293,38.9749,1,2016249,0,0,0,0,0
-70.2991,38.9388,1,2016251,0,0,0,0,0
-70.3581,38.869,1,2016252,0,0,0,0,0
-70.34,38.8844,1,2016253,0,0,0,0,0
-70.3389,38.8886,1,2016254,0,0,0,0,0
-70.3408,38.9296,1,2016256,0,0,0,0,0
-70.3568,38.8225,1,2016257,0,0,0,0,0
-70.2983,38.8937,1,2016259,0,0,0,0,0
-70.3135,38.937,1,2016260,0,0,0,0,0
-70.3135,38.937,1,2016261,0,0,0,0,0
-70.3394,38.8899,1,2016262,0,0,0,0,0
-70.3309,38.8697,1,2016265,0,0,0,0,0
-70.3236,38.8521,1,2016266,0,0,0,0,0
-70.3733,38.7165,1,2016267,0,0,0,0,0
-70.3,38.8909,1,2016268,0,0,0,0,0
-70.3492,38.9499,1,2016269,0,0,0,0,0
-70.3348,38.9516,1,2016270,0,0,0,0,0
-70.3469,38.7626,1,2016271,0,0,0,0,0
-70.3326,38.8668,1,2016272,0,0,0,0,0
-70.3494,38.8049,1,2016273,0,0,0,0,0
-70.3049,38.873,1,2016274,0,0,0,0,0
-70.3293,38.9749,1,2016275,0,0,0,0,0
-70.2991,38.9388,1,2016277,0,0,0,0,0
-70.3064,38.9632,1,2016278,0,0,0,0,0
-70.3443,38.8721,1,2016280,0,0,0,0,0
-70.34,38.8844,1,2016281,0,0,0,0,0
-70.3149,38.9766,1,2016282,0,0,0,0,0
-70.3078,39.0028,1,2016284,0,0,0,0,0
-70.3078,39.0028,1,2016285,0,0,0,0,0
-70.3277,38.9778,1,2016288,0,0,0,0,0
-70.3527,38.8855,1,2016289,0,0,0,0,0
-70.3599,38.8593,1,2016290,0,0,0,0,0
-70.3261,38.8875,1,2016292,0,0,0,0,0
-70.3372,38.9939,1,2016293,0,0,0,0,0
-70.3228,38.9956,1,2016295,0,0,0,0,0
-70.3217,38.9998,1,2016296,0,0,0,0,0
-70.3194,39.1036,1,2016297,0,0,0,0,0
-70.3194,39.1036,1,2016298,0,0,0,0,0
-70.3194,39.1036,1,2016299,0,0,0,0,0
-70.3588,39.1989,1,2016301,0,0,0,0,0
-70.3243,39.079,1,2016302,0,0,0,0,0
-70.3235,39.0407,1,2016303,0,0,0,0,0
-70.3235,39.0407,1,2016304,0,0,0,0,0
-70.3217,38.9998,1,2016306,0,0,0,0,0
-70.3217,38.9998,1,2016307,0,0,0,0,0
-70.2976,39.0876,1,2016308,0,0,0,0,0
-70.3025,39.0698,1,2016309,0,0,0,0,0
-70.3277,38.9778,1,2016310,0,0,0,0,0
-70.3527,38.8855,1,2016311,0,0,0,0,0
-70.3599,38.8593,1,2016313,0,0,0,0,0
-70.3419,38.9254,1,2016314,0,0,0,0,0
-70.3168,39.0176,1,2016315,0,0,0,0,0
-69.3026,36.9083,1,2016317,0,0,0,0,0
-69.3134,36.9711,1,2016318,0,0,0,0,0
-69.3642,36.9883,0,2016319,0,0,0,0,0
-69.4067,37.0017,1,2016320,0,0,0,0,0
-69.3733,37.0252,1,2016321,0,0,0,0,0
-69.2035,37.1219,0,2016322,0,0,0,0,0
-69.0594,37.2012,1,2016323,0,0,0,0,0
-69.1976,37.1322,1,2016324,0,0,0,0,0
-69.1279,37.0987,1,2016325,0,0,0,0,0
-69.035,36.806,0,2016326,0,0,0,0,0
-68.9383,36.4447,1,2016327,0,0,0,0,0
-68.8573,36.2995,1,2016328,0,0,0,0,0
-68.8804,36.4118,1,2016329,0,0,0,0,0
-68.9,36.5237,1,2016330,0,0,0,0,0
-68.9295,36.5515,1,2016331,0,0,0,0,0
-68.9702,36.537,1,2016332,0,0,0,0,0
-68.9163,36.4527,1,2016333,0,0,0,0,0
-68.892,36.409,1,2016334,0,0,0,0,0
-68.9875,37.9171,0,2016335,0,0,0,0,0
-69.0913,39.4582,1,2016336,0,0,0,0,0
-69.1013,39.4955,1,2016337,0,0,0,0,0
-69.0636,39.7531,1,2016338,0,0,0,0,0
-69.0631,39.5301,1,2016339,0,0,0,0,0
-69.0684,39.5031,0,2016340,0,0,0,0,0
-69.0785,39.4839,1,2016341,0,0,0,0,0
-69.0906,39.4428,1,2016342,0,0,0,0,0
-69.0814,39.5185,1,2016343,0,0,0,0,0
-68.6993,40.0198,0,2016344,0,0,0,0,0
-68.3253,40.4607,1,2016345,0,0,0,0,0
-68.3253,40.4607,1,2016346,0,0,0,0,0
-68.3253,40.4607,1,2016347,0,0,0,0,0
-68.3253,40.4607,1,2016348,0,0,0,0,0
-68.3253,40.4607,1,2016349,0,0,0,0,0
-68.3253,40.4607,1,2016350,0,0,0,0,0
-68.3253,40.4607,1,2016351,0,0,0,0,0
-68.3306,40.4662,1,2016352,0,0,0,0,0
-67.8989,41.3318,1,2016353,0,0,0,0,0
-67.8989,41.3318,1,2016354,0,0,0,0,0
-67.8989,41.3318,1,2016355,0,0,0,0,0
-67.8989,41.3318,1,2016356,0,0,0,0,0
-67.8989,41.3318,1,2016357,0,0,0,0,0
-67.8989,41.3318,1,2016358,0,0,0,0,0
-68.1808,41.6746,1,2016359,0,0,0,0,0
-68.1808,41.6746,1,2016360,0,0,0,0,0
-68.1808,41.6746,1,2016361,0,0,0,0,0
-68.1808,41.6746,1,2016362,0,0,0,0,0
-68.1808,41.6746,1,2016363,0,0,0,0,0
-68.071,41.8769,1,2016364,0,0,0,0,0
-68.071,41.8769,1,2016365,0,0,0,0,0
-68.0942,41.9674,1,2016366,0,0,0,0,0
-68.0942,41.9674,1,2017001,0,0,0,0,0
-68.0942,41.9674,1,2017002,0,0,0,0,0
-68.0942,41.9674,0,2017003,0,0,0,0,0
-68.0942,41.9674,1,2017004,0,0,0,0,0
-68.0942,41.9674,1,2017005,0,0,0,0,0
-68.0942,41.9674,0,2017006,0,0,0,0,0
-68.0942,41.9674,1,2017007,0,0,0,0,0
-68.0942,41.9674,1,2017008,0,0,0,0,0
-68.0942,41.9674,1,2017009,0,0,0,0,0
-68.0942,41.9674,0,2017010,0,0,0,0,0
-68.0942,41.9674,1,2017011,0,0,0,0,0
-68.0942,41.9674,1,2017012,0,0,0,0,0
-68.0942,41.9674,1,2017013,0,0,0,0,0
-68.0942,41.9674,1,2017014,0,0,0,0,0
-67.9431,43.0003,1,2017015,0,0,0,0,0
-67.9726,43.0701,1,2017016,0,0,0,0,0
-67.9726,43.0701,1,2017017,0,0,0,0,0
-67.9726,43.0701,1,2017018,0,0,0,0,0
-67.9726,43.0701,0,2017019,0,0,0,0,0
-67.9726,43.0701,1,2017020,0,0,0,0,0
-67.7358,43.3111,1,2017021,0,0,0,0,0
-67.7358,43.3111,1,2017022,0,0,0,0,0
-67.7358,43.3111,1,2017023,0,0,0,0,0
-67.7358,43.3111,1,2017024,0,0,0,0,0
-67.7358,43.3111,1,2017025,0,0,0,0,0
-67.7358,43.3111,1,2017026,0,0,0,0,0
-67.7358,43.3111,1,2017027,0,0,0,0,0
-67.7358,43.3111,0,2017028,0,0,0,0,0
-67.7358,43.3111,1,2017029,0,0,0,0,0
-67.7358,43.3111,1,2017030,0,0,0,0,0
-67.7358,43.3111,0,2017031,0,0,0,0,0
-67.7358,43.3111,0,2017032,0,0,0,0,0
-67.7358,43.3111,0,2017033,0,0,0,0,0
-67.7358,43.3111,0,2017034,0,0,0,0,0
-67.7358,43.3111,0,2017035,0,0,0,0,0
-67.7358,43.3111,0,2017036,0,0,0,0,0
-67.7358,43.3111,1,2017037,0,0,0,0,0
-67.7358,43.3111,1,2017038,0,0,0,0,0
-67.8079,43.0923,1,2017039,0,0,0,0,0
-67.8079,43.0923,1,2017040,0,0,0,0,0
-67.8079,43.0923,0,2017041,0,0,0,0,0
-67.8079,43.0923,0,2017042,0,0,0,0,0
-67.8079,43.0923,1,2017043,0,0,0,0,0
-67.8079,43.0923,1,2017044,0,0,0,0,0
-67.8079,43.0923,1,2017045,0,0,0,0,0
-67.8079,43.0923,1,2017046,0,0,0,0,0
-67.8079,43.0923,1,2017047,0,0,0,0,0
-67.6207,43.3118,1,2017048,0,0,0,0,0
-67.6207,43.3118,1,2017049,0,0,0,0,0
-67.6207,43.3118,1,2017050,0,0,0,0,0
-67.6207,43.3118,1,2017051,0,0,0,0,0
-67.6207,43.3118,1,2017052,0,0,0,0,0
-67.6207,43.3118,1,2017053,0,0,0,0,0
-67.4176,43.7156,0,2017054,0,0,0,0,0
-67.2144,44.1194,1,2017055,0,0,0,0,0
-67.2144,44.1194,1,2017056,0,0,0,0,0
-67.2144,44.1194,1,2017057,0,0,0,0,0
-67.2144,44.1194,1,2017058,0,0,0,0,0
-67.2144,44.1194,1,2017059,0,0,0,0,0
-67.2144,44.1194,1,2017060,0,0,0,0,0
-67.2144,44.1194,1,2017061,0,0,0,0,0
-67.0177,44.1214,1,2017062,0,0,0,0,0
-67.0177,44.1214,1,2017063,0,0,0,0,0
-67.0177,44.1214,1,2017064,0,0,0,0,0
-67.0177,44.1214,1,2017065,0,0,0,0,0
-67.0177,44.1214,0,2017066,0,0,0,0,0
-67.0177,44.1214,1,2017067,0,0,0,0,0
-67.0177,44.1214,1,2017068,0,0,0,0,0
-67.0051,44.3008,1,2017069,0,0,0,0,0
-66.9529,44.4529,1,2017070,0,0,0,0,0
-66.9529,44.4529,1,2017071,0,0,0,0,0
-66.9529,44.4529,1,2017072,0,0,0,0,0
-66.9529,44.4529,1,2017073,0,0,0,0,0
-66.7868,44.8486,1,2017074,0,0,0,0,0
-66.6909,45.0287,1,2017075,0,0,0,0,0
-66.6909,45.0287,1,2017076,0,0,0,0,0
-66.8194,45.0344,1,2017077,0,0,0,0,0
-66.8194,45.0344,1,2017078,0,0,0,0,0
-66.8194,45.0344,1,2017079,0,0,0,0,0
-66.8194,45.0344,1,2017080,0,0,0,0,0
-66.7639,45.0007,1,2017081,0,0,0,0,0
-66.7639,45.0007,1,2017082,0,0,0,0,0
-66.6941,45.1775,1,2017083,0,0,0,0,0
-66.6941,45.1775,1,2017084,0,0,0,0,0
-66.778,45.2487,1,2017085,0,0,0,0,0
-66.4335,45.5746,1,2017086,0,0,0,0,0
-66.4335,45.5746,1,2017087,0,0,0,0,0
-66.4335,45.5746,1,2017088,0,0,0,0,0
-66.4335,45.5746,1,2017089,0,0,0,0,0
-66.4335,45.5746,1,2017090,0,0,0,0,0
-66.4335,45.5746,1,2017091,0,0,0,0,0
-66.4335,45.5746,1,2017092,0,0,0,0,0
-66.4335,45.5746,1,2017093,0,0,0,0,0
-66.4335,45.5746,1,2017094,0,0,0,0,0
-66.4335,45.5746,1,2017095,0,0,0,0,0
-66.4335,45.5746,0,2017096,0,0,0,0,0
-66.4335,45.5746,1,2017097,0,0,0,0,0
-66.4335,45.5746,1,2017098,0,0,0,0,0
-66.4335,45.5746,1,2017099,0,0,0,0,0
-66.3227,45.6908,0,2017100,0,0,0,0,0
-66.079,45.9465,0,2017101,0,0,0,0,0
-65.8352,46.2022,0,2017102,0,0,0,0,0
-65.7244,46.3184,1,2017103,0,0,0,0,0
-65.7244,46.3184,1,2017104,0,0,0,0,0
-65.7244,46.3184,1,2017105,0,0,0,0,0
-65.7244,46.3184,1,2017106,0,0,0,0,0
-65.7244,46.3184,1,2017107,0,0,0,0,0
-65.5995,46.2722,1,2017108,0,0,0,0,0
-65.5995,46.2722,1,2017109,0,0,0,0,0
-65.965,47.6466,1,2017110,0,0,0,0,0
-65.6797,46.4048,1,2017111,0,0,0,0,0
-65.6797,46.4048,1,2017112,0,0,0,0,0
-65.6797,46.4048,1,2017113,0,0,0,0,0
-65.6797,46.4048,1,2017114,0,0,0,0,0
-65.6797,46.4048,1,2017115,0,0,0,0,0
-65.6797,46.4048,0,2017116,0,0,0,0,0
-65.6797,46.4048,1,2017117,0,0,0,0,0
-65.6797,46.4048,1,2017118,0,0,0,0,0
-65.6797,46.4048,1,2017119,0,0,0,0,0
-65.6797,46.4048,1,2017120,0,0,0,0,0
-65.6797,46.4048,1,2017121,0,0,0,0,0
-65.2643,46.4768,0,2017122,0,0,0,0,0
-64.8488,46.6359,1,2017123,0,0,0,0,0
-65.3316,46.9292,1,2017124,0,0,0,0,0
-65.3316,46.9292,1,2017125,0,0,0,0,0
-65.3316,46.9292,1,2017126,0,0,0,0,0
-65.3316,46.9292,1,2017127,0,0,0,0,0
-64.6777,46.4392,0,2017128,0,0,0,0,0
-64.0238,45.9491,1,2017129,0,0,0,0,0
-64.0238,45.9491,1,2017130,0,0,0,0,0
-64.0238,45.9491,1,2017131,0,0,0,0,0
-64.1096,45.1116,0,2017132,0,0,0,0,0
-64.1954,44.274,1,2017133,0,0,0,0,0
-64.1954,44.274,1,2017134,0,0,0,0,0
-64.03,44.5358,1,2017135,0,0,0,0,0
-64.1438,44.2563,1,2017136,0,0,0,0,0
-64.1438,44.2563,1,2017137,0,0,0,0,0
-64.1438,44.2563,0,2017138,0,0,0,0,0
-64.1438,44.2563,1,2017139,0,0,0,0,0
-64.1438,44.2563,1,2017140,0,0,0,0,0
-64.0708,43.9707,1,2017141,0,0,0,0,0
-64.0708,43.9707,1,2017142,0,0,0,0,0
-64.0708,43.9707,1,2017143,0,0,0,0,0
-64.0708,43.9707,1,2017144,0,0,0,0,0
-64.0708,43.9707,1,2017145,0,0,0,0,0
-62.7729,42.7316,1,2017146,0,0,0,0,0
-62.7729,42.7316,1,2017147,0,0,0,0,0
-62.7729,42.7316,1,2017148,0,0,0,0,0
-62.7729,42.7316,1,2017149,0,0,0,0,0
-62.7729,42.7316,1,2017150,0,0,0,0,0
-62.7729,42.7316,1,2017151,0,0,0,0,0
