ascat_1,ascat_2,ascat_3,date,nic_1,nic_2,nic_3,oscat_1,oscat_2,oscat_3,size_1,size_2
-74.7689,-107.3557,1,2012145,0,0,0,-74.7689,-107.3557,1,0,0
-74.7689,-107.3557,1,2012146,0,0,0,-74.7689,-107.3557,1,0,0
-74.7689,-107.3557,1,2012147,0,0,0,-74.7689,-107.3557,1,0,0
-74.7689,-107.3557,1,2012148,0,0,0,-74.7689,-107.3557,1,0,0
-74.7689,-107.3557,1,2012149,0,0,0,-74.7689,-107.3557,1,0,0
-74.7689,-107.3557,1,2012150,0,0,0,-74.7689,-107.3557,1,0,0
-74.7689,-107.3557,1,2012151,0,0,0,-74.7689,-107.3557,1,0,0
-74.7689,-107.3557,1,2012152,0,0,0,-74.7689,-107.3557,1,0,0
-74.7689,-107.3557,1,2012153,0,0,0,-74.7689,-107.3557,1,0,0
-74.7689,-107.3557,1,2012154,0,0,0,-74.7689,-107.3557,1,0,0
-74.7689,-107.3557,1,2012155,0,0,0,-74.7689,-107.3557,1,0,0
-74.7689,-107.3557,1,2012156,0,0,0,-74.7689,-107.3557,1,0,0
-74.7689,-107.3557,1,2012157,0,0,0,-74.7689,-107.3557,1,0,0
-74.7689,-107.3557,1,2012158,0,0,0,-74.7689,-107.3557,1,0,0
-74.7689,-107.3557,1,2012159,0,0,0,-74.7689,-107.3557,1,0,0
-74.7689,-107.3557,1,2012160,0,0,0,-74.7689,-107.3557,1,0,0
-74.7689,-107.3557,1,2012161,0,0,0,-74.7689,-107.3557,1,0,0
-74.7689,-107.3557,1,2012162,0,0,0,-74.7689,-107.3557,1,0,0
-74.7689,-107.3557,1,2012163,0,0,0,-74.7689,-107.3557,1,0,0
-74.7689,-107.3557,1,2012164,0,0,0,-74.7689,-107.3557,1,0,0
-74.7689,-107.3557,1,2012165,0,0,0,-74.7689,-107.3557,1,0,0
-74.7689,-107.3557,1,2012166,0,0,0,-74.7689,-107.3557,1,0,0
-74.7689,-107.3557,1,2012167,0,0,0,-74.7689,-107.3557,1,0,0
-74.7689,-107.3557,1,2012168,0,0,0,-74.7689,-107.3557,1,0,0
-74.7689,-107.3557,1,2012169,0,0,0,-74.7689,-107.3557,1,0,0
-74.7689,-107.3557,1,2012170,0,0,0,-74.7689,-107.3557,1,0,0
-74.7689,-107.3557,1,2012171,0,0,0,-74.7689,-107.3557,1,0,0
-74.7689,-107.3557,1,2012172,0,0,0,-74.7689,-107.3557,1,0,0
-74.7689,-107.3557,1,2012173,0,0,0,-74.7689,-107.3557,1,0,0
-74.7689,-107.3557,1,2012174,0,0,0,-74.7689,-107.3557,1,0,0
-74.7689,-107.3557,1,2012175,0,0,0,-74.7689,-107.3557,1,0,0
-74.7689,-107.3557,1,2012176,0,0,0,-74.7689,-107.3557,1,0,0
-74.7689,-107.3557,1,2012178,0,0,0,-74.7689,-107.3557,1,0,0
-74.7689,-107.3557,1,2012179,0,0,0,-74.7689,-107.3557,1,0,0
-74.7689,-107.3557,1,2012180,0,0,0,-74.7689,-107.3557,1,0,0
-74.7689,-107.3557,1,2012181,0,0,0,-74.7689,-107.3557,1,0,0
-74.7689,-107.3557,1,2012182,0,0,0,-74.7689,-107.3557,1,0,0
-74.7689,-107.3557,1,2012183,0,0,0,-74.7689,-107.3557,1,0,0
-74.7689,-107.3557,1,2012184,0,0,0,-74.7689,-107.3557,1,0,0
-74.7689,-107.3557,1,2012185,0,0,0,-74.7689,-107.3557,1,0,0
-74.7689,-107.3557,1,2012186,0,0,0,-74.7689,-107.3557,1,0,0
-74.7689,-107.3557,1,2012187,0,0,0,-74.7689,-107.3557,1,0,0
-74.7689,-107.3557,1,2012188,0,0,0,-74.7689,-107.3557,1,0,0
-74.7689,-107.3557,1,2012189,0,0,0,-74.7689,-107.3557,1,0,0
-74.7689,-107.3557,1,2012190,0,0,0,-74.7689,-107.3557,1,0,0
-74.7689,-107.3557,1,2012191,0,0,0,-74.7689,-107.3557,1,0,0
-74.7689,-107.3557,1,2012192,0,0,0,-74.7689,-107.3557,1,0,0
-74.7689,-107.3557,1,2012193,0,0,0,-74.7689,-107.3557,1,0,0
-74.7689,-107.3557,1,2012194,0,0,0,-74.7689,-107.3557,1,0,0
-74.7689,-107.3557,1,2012195,0,0,0,-74.7689,-107.3557,1,0,0
-74.7689,-107.3557,1,2012199,0,0,0,-74.7689,-107.3557,1,0,0
-74.7689,-107.3557,1,2012200,0,0,0,-74.7689,-107.3557,1,0,0
-74.7689,-107.3557,1,2012201,0,0,0,-74.7689,-107.3557,1,0,0
-74.7689,-107.3557,1,2012202,0,0,0,-74.7689,-107.3557,1,0,0
-74.7689,-107.3557,1,2012203,0,0,0,-74.7689,-107.3557,1,0,0
-74.7689,-107.3557,1,2012204,0,0,0,-74.7689,-107.3557,1,0,0
-74.7689,-107.3557,1,2012205,0,0,0,-74.7689,-107.3557,1,0,0
-74.7689,-107.3557,1,2012207,0,0,0,-74.7689,-107.3557,1,0,0
-74.7689,-107.3557,1,2012208,0,0,0,-74.7689,-107.3557,1,0,0
-74.7689,-107.3557,1,2012209,0,0,0,-74.7689,-107.3557,1,0,0
-74.7689,-107.3557,1,2012210,0,0,0,-74.7689,-107.3557,1,0,0
-74.7689,-107.3557,1,2012211,0,0,0,-74.7689,-107.3557,1,0,0
-74.7592,-107.3443,1,2012218,0,0,0,-74.7592,-107.3443,1,0,0
-74.7399,-107.3213,1,2012219,0,0,0,-74.7399,-107.3213,1,0,0
-74.7508,-107.3168,1,2012220,0,0,0,-74.7508,-107.3168,1,0,0
-74.7679,-107.2382,1,2012221,0,0,0,-74.7679,-107.2382,1,0,0
-74.7632,-107.2956,1,2012222,0,0,0,-74.7632,-107.2956,1,0,0
-74.7705,-107.2055,1,2012223,0,0,0,-74.7705,-107.2055,1,0,0
-74.753,-107.2922,1,2012224,0,0,0,-74.753,-107.2922,1,0,0
-74.7266,-107.2254,1,2012225,0,0,0,-74.7266,-107.2254,1,0,0
-74.7447,-107.2641,1,2012226,0,0,0,-74.7447,-107.2641,1,0,0
-74.7023,-107.3927,1,2012227,0,0,0,-74.7023,-107.3927,1,0,0
-74.7119,-107.4042,1,2012228,0,0,0,-74.7119,-107.4042,1,0,0
-74.705,-107.3602,1,2012229,0,0,0,-74.705,-107.3602,1,0,0
-74.7056,-107.3522,1,2012230,0,0,0,-74.7056,-107.3522,1,0,0
-74.7186,-107.3232,1,2012231,0,0,0,-74.7186,-107.3232,1,0,0
-74.7144,-107.2467,1,2012233,0,0,0,-74.7144,-107.2467,1,0,0
-74.6944,-107.2319,1,2012234,0,0,0,-74.6944,-107.2319,1,0,0
-74.6884,-107.3049,1,2012235,0,0,0,-74.6884,-107.3049,1,0,0
-74.6934,-107.3734,1,2012236,0,0,0,-74.6934,-107.3734,1,0,0
-74.6813,-107.261,1,2012237,0,0,0,-74.6813,-107.261,1,0,0
-74.7023,-107.3928,1,2012238,0,0,0,-74.7023,-107.3928,1,0,0
-74.6871,-107.3216,1,2012239,0,0,0,-74.6871,-107.3216,1,0,0
-74.6783,-107.1687,1,2012240,0,0,0,-74.6783,-107.1687,1,0,0
-74.7233,-107.266,1,2012241,0,0,0,-74.7233,-107.266,1,0,0
-74.711,-107.2872,1,2012242,0,0,0,-74.711,-107.2872,1,0,0
-74.6917,-107.2644,1,2012243,0,0,0,-74.6917,-107.2644,1,0,0
-74.6938,-107.24,1,2012244,0,0,0,-74.6938,-107.24,1,0,0
-74.6588,-107.2788,1,2012245,0,0,0,-74.6588,-107.2788,1,0,0
-74.6708,-107.391,1,2012246,0,0,0,-74.6708,-107.391,1,0,0
-74.6479,-107.2841,1,2012247,0,0,0,-74.6479,-107.2841,1,0,0
-74.6449,-107.1921,1,2012248,0,0,0,-74.6449,-107.1921,1,0,0
-74.6327,-107.0802,1,2012249,0,0,0,-74.6327,-107.0802,1,0,0
-74.6585,-107.1543,1,2012250,0,0,0,-74.6585,-107.1543,1,0,0
-74.6333,-107.2046,1,2012251,0,0,0,-74.6333,-107.2046,1,0,0
-74.617,-107.2747,1,2012252,0,0,0,-74.617,-107.2747,1,0,0
-74.6012,-107.0791,1,2012253,0,0,0,-74.6012,-107.0791,1,0,0
-74.6213,-107.0937,1,2012254,0,0,0,-74.6213,-107.0937,1,0,0
-74.5776,-106.9811,1,2012255,0,0,0,-74.5776,-106.9811,1,0,0
-74.5594,-107.0748,1,2012256,0,0,0,-74.5594,-107.0748,1,0,0
-74.5671,-107.1104,1,2012257,0,0,0,-74.5671,-107.1104,1,0,0
-74.5433,-107.0124,1,2012258,0,0,0,-74.5433,-107.0124,1,0,0
-74.5627,-107.0347,1,2012259,0,0,0,-74.5627,-107.0347,1,0,0
-74.5344,-106.9936,1,2012260,0,0,0,-74.5344,-106.9936,1,0,0
-74.5125,-106.8716,1,2012261,0,0,0,-74.5125,-106.8716,1,0,0
-74.5337,-107.0014,1,2012262,0,0,0,-74.5337,-107.0014,1,0,0
-74.531,-107.0336,1,2012263,0,0,0,-74.531,-107.0336,1,0,0
-74.5401,-107.0526,1,2012264,0,0,0,-74.5401,-107.0526,1,0,0
-74.5355,-107.1092,1,2012265,0,0,0,-74.5355,-107.1092,1,0,0
-74.5215,-107.0226,1,2012266,0,0,0,-74.5215,-107.0226,1,0,0
-74.5022,-107.0005,1,2012267,0,0,0,-74.5022,-107.0005,1,0,0
-74.4758,-106.9353,1,2012268,0,0,0,-74.4758,-106.9353,1,0,0
-74.4661,-106.9243,1,2012269,0,0,0,-74.4661,-106.9243,1,0,0
-74.4752,-106.9432,1,2012270,0,0,0,-74.4752,-106.9432,1,0,0
-74.4416,-106.9665,1,2012271,0,0,0,-74.4416,-106.9665,1,0,0
-74.4532,-106.9532,1,2012272,0,0,0,-74.4532,-106.9532,1,0,0
-74.4602,-106.9963,1,2012273,0,0,0,-74.4602,-106.9963,1,0,0
-74.4713,-106.9918,1,2012274,0,0,0,-74.4713,-106.9918,1,0,0
-74.4301,-106.8485,1,2012275,0,0,0,-74.4301,-106.8485,1,0,0
-74.4301,-106.8485,1,2012278,0,0,0,-74.4301,-106.8485,1,0,0
-74.4301,-106.8485,1,2012279,0,0,0,-74.4301,-106.8485,1,0,0
-74.4255,-106.9048,1,2012280,0,0,0,-74.4255,-106.9048,1,0,0
-74.4302,-106.8486,1,2012281,0,0,0,-74.4302,-106.8486,1,0,0
-74.4153,-106.9018,1,2012282,0,0,0,-74.4153,-106.9018,1,0,0
-74.3863,-106.869,1,2012283,0,0,0,-74.3863,-106.869,1,0,0
-74.3883,-106.8449,1,2012284,0,0,0,-74.3883,-106.8449,1,0,0
-74.3658,-106.8629,1,2012285,0,0,0,-74.3658,-106.8629,1,0,0
-74.3405,-106.9135,1,2012286,0,0,0,-74.3405,-106.9135,1,0,0
-74.3355,-106.7162,1,2012287,0,0,0,-74.3355,-106.7162,1,0,0
-74.3547,-106.8683,1,2012288,-74.33,-106.95,1,-74.3547,-106.8683,1,32,17
-74.3697,-106.8155,1,2012289,-74.3289,-106.9494,0,-74.3697,-106.8155,1,0,0
-74.3309,-106.7721,1,2012290,-74.3258,-106.9478,0,-74.3309,-106.7721,1,0,0
-74.3471,-106.8335,1,2012291,-74.321,-106.9454,0,-74.3471,-106.8335,1,0,0
-74.2987,-106.7794,1,2012292,-74.3147,-106.9422,0,-74.2987,-106.7794,1,0,0
-74.2607,-106.7287,1,2012293,-74.3073,-106.9385,0,-74.2607,-106.7287,1,0,0
-74.3066,-106.8144,1,2012294,-74.2989,-106.9344,0,-74.3066,-106.8144,1,0,0
-74.3155,-106.8328,1,2012295,-74.29,-106.93,1,-74.3155,-106.8328,1,32,17
-74.2935,-106.843,1,2012296,-74.2774,-106.9229,0,-74.2935,-106.843,1,0,0
-74.2962,-106.8113,1,2012297,-74.2588,-106.9116,0,-74.2962,-106.8113,1,0,0
-74.3059,-106.8221,1,2012298,-74.2359,-106.8981,0,-74.3059,-106.8221,1,0,0
-74.3181,-106.801,1,2012299,-74.21,-106.8843,0,-74.3181,-106.801,1,0,0
-74.3116,-106.7507,1,2012300,-74.1827,-106.8721,0,-74.3116,-106.7507,1,0,0
-74.2826,-106.7184,1,2012301,-74.1555,-106.8633,0,-74.2826,-106.7184,1,0,0
-74.2826,-106.7184,1,2012302,-74.13,-106.86,1,-74.2826,-106.7184,1,32,17
-74.1787,-106.5697,1,2012303,-74.1049,-106.8697,0,-74.1787,-106.5697,1,0,0
-74.1745,-106.6254,1,2012304,-74.0784,-106.8958,0,-74.1745,-106.6254,1,0,0
-74.1738,-106.6331,1,2012305,-74.0513,-106.934,0,-74.1738,-106.6331,1,0,0
-74.1596,-106.5489,1,2012306,-74.0242,-106.9799,0,-74.1596,-106.5489,1,0,0
-74.1668,-106.72,1,2012307,-73.9978,-107.0292,0,-74.1668,-106.72,1,0,0
-74.1358,-106.7112,1,2012308,-73.9729,-107.0773,0,-74.1358,-106.7112,1,0,0
-74.0849,-106.6897,1,2012309,-73.95,-107.12,1,-74.0849,-106.6897,1,32,17
-74.0728,-106.7105,1,2012310,-73.9291,-107.1586,0,-74.0728,-106.7105,1,0,0
-74.0476,-106.7597,1,2012311,-73.9095,-107.1974,0,-74.0476,-106.7597,1,0,0
-74.0476,-106.7597,1,2012312,-73.8908,-107.2366,0,-74.0476,-106.7597,1,0,0
-74.0476,-106.7597,1,2012313,-73.8728,-107.2763,0,-74.0476,-106.7597,1,0,0
-73.9919,-107.0473,1,2012314,-73.8552,-107.3167,0,-73.9919,-107.0473,1,0,0
-73.9411,-107.0242,1,2012315,-73.8377,-107.3579,0,-73.9411,-107.0242,1,0,0
-73.8967,-107.0512,1,2012316,-73.82,-107.4,1,-73.8967,-107.0512,1,32,17
-73.8453,-107.0365,1,2012317,-73.8028,-107.4419,0,-73.8453,-107.0365,1,0,0
-73.8032,-107.1585,1,2012318,-73.7866,-107.4829,0,-73.8032,-107.1585,1,0,0
-73.7671,-107.2105,1,2012319,-73.7707,-107.5245,0,-73.7671,-107.2105,1,0,0
-73.7558,-107.3406,1,2012320,-73.7547,-107.5677,0,-73.7558,-107.3406,1,0,0
-73.7272,-107.4257,1,2012321,-73.738,-107.6139,0,-73.7272,-107.4257,1,0,0
-73.7046,-107.4422,1,2012322,-73.7199,-107.6642,0,-73.7046,-107.4422,1,0,0
-73.6644,-107.5391,1,2012323,-73.7,-107.72,1,-73.6644,-107.5391,1,32,17
-73.6769,-107.6366,1,2012324,-73.6767,-107.791,0,-73.6769,-107.6366,1,0,0
-73.6488,-107.7133,1,2012325,-73.6499,-107.8805,0,-73.6488,-107.7133,1,0,0
-73.5836,-107.6145,1,2012326,-73.6208,-107.9797,0,-73.5836,-107.6145,1,0,0
-73.5756,-107.7053,1,2012327,-73.5909,-108.0799,0,-73.5756,-107.7053,1,0,0
-73.5722,-107.7429,1,2012328,-73.5616,-108.1725,0,-73.5722,-107.7429,1,0,0
-73.5509,-107.8601,1,2012329,-73.5342,-108.2488,0,-73.5509,-107.8601,1,0,0
-73.5413,-107.9652,1,2012330,-73.51,-108.3,1,-73.5413,-107.9652,1,32,17
-73.5091,-107.9697,1,2012331,-73.4888,-108.333,0,-73.5091,-107.9697,1,0,0
-73.5001,-108.0672,1,2012332,-73.469,-108.3611,0,-73.5001,-108.0672,1,0,0
-73.5063,-108.1156,1,2012333,-73.4503,-108.3852,0,-73.5063,-108.1156,1,0,0
-73.4644,-108.1088,1,2012334,-73.4324,-108.4061,0,-73.4644,-108.1088,1,0,0
-73.4426,-108.1168,1,2012335,-73.415,-108.425,0,-73.4426,-108.1168,1,0,0
-73.4419,-108.1241,1,2012336,-73.3976,-108.4426,0,-73.4419,-108.1241,1,0,0
-73.4104,-108.121,1,2012337,-73.38,-108.46,1,-73.4104,-108.121,1,32,17
-73.3868,-108.2591,1,2012338,-73.3618,-108.476,0,-73.3868,-108.2591,1,0,0
-73.3476,-108.3369,1,2012339,-73.3432,-108.4896,0,-73.3476,-108.3369,1,0,0
-73.3363,-108.2331,1,2012340,-73.3246,-108.502,0,-73.3363,-108.2331,1,0,0
-73.3134,-108.3631,1,2012341,-73.3065,-108.5141,0,-73.3134,-108.3631,1,0,0
-73.2833,-108.3445,1,2012342,-73.2894,-108.527,0,-73.2833,-108.3445,1,0,0
-73.2681,-108.3926,1,2012343,-73.2737,-108.542,0,-73.2681,-108.3926,1,0,0
-73.2292,-108.3558,1,2012344,-73.26,-108.56,1,-73.2292,-108.3558,1,32,17
-73.1797,-108.4296,1,2012345,-73.2468,-108.5874,0,-73.1797,-108.4296,1,0,0
-73.1862,-108.5836,1,2012346,-73.2332,-108.6259,0,-73.1862,-108.5836,1,0,0
-73.1904,-108.5392,1,2012347,-73.2201,-108.67,0,-73.1904,-108.5392,1,0,0
-73.1157,-108.5425,1,2012348,-73.2083,-108.7141,0,-73.1157,-108.5425,1,0,0
-73.1201,-108.4985,1,2012349,-73.1987,-108.7525,0,-73.1201,-108.4985,1,0,0
-73.1381,-108.6415,1,2012350,-73.1923,-108.7797,0,-73.1381,-108.6415,1,0,0
-73.1566,-108.777,1,2012351,-73.19,-108.79,1,-73.1566,-108.777,1,32,17
-73.1234,-108.681,1,2012352,-73.19,-108.79,0,-73.1234,-108.681,1,0,0
-73.1185,-108.7347,1,2012353,-73.19,-108.79,0,-73.1185,-108.7347,1,0,0
-73.1185,-108.7347,1,2012354,-73.19,-108.79,0,-73.1185,-108.7347,1,0,0
-73.1185,-108.7347,1,2012355,-73.19,-108.79,0,-73.1185,-108.7347,1,0,0
-73.1277,-108.7442,1,2012356,-73.19,-108.79,0,-73.1277,-108.7442,1,0,0
-73.1277,-108.7442,1,2012357,-73.19,-108.79,0,-73.1277,-108.7442,1,0,0
-73.1601,-108.6728,0,2012358,-73.19,-108.79,1,-73.1601,-108.6728,0,32,17
-73.1951,-108.6013,1,2012359,-73.1928,-108.7961,0,-73.1951,-108.6013,1,0,0
-73.1981,-108.6788,1,2012360,-73.1999,-108.8118,0,-73.1981,-108.6788,1,0,0
-73.1878,-108.6748,1,2012361,-73.2097,-108.8333,0,-73.1878,-108.6748,1,0,0
-73.184,-108.605,1,2012362,-73.2203,-108.8567,0,-73.184,-108.605,1,0,0
-73.2134,-108.6313,1,2012363,-73.2301,-108.8782,0,-73.2134,-108.6313,1,0,0
-73.2229,-108.6423,1,2012364,-73.2372,-108.8939,0,-73.2229,-108.6423,1,0,0
-73.22,-108.6717,1,2012365,-73.24,-108.9,1,-73.22,-108.6717,1,32,17
-73.1944,-108.7153,1,2012366,-73.2385,-108.9,0,-73.1944,-108.7153,1,0,0
-73.2282,-108.6974,1,2013001,-73.2367,-108.9,0,-73.2282,-108.6974,1,0,0
-73.2441,-108.6424,1,2013002,-73.2315,-108.9,0,-73.2441,-108.6424,1,0,0
-73.2257,-108.6129,1,2013003,-73.2246,-108.9,0,-73.2257,-108.6129,1,0,0
-73.1951,-108.7081,1,2013004,-73.2167,-108.9,0,-73.1951,-108.7081,1,0,0
-73.1584,-108.6486,1,2013005,-73.2083,-108.9,0,-73.1584,-108.6486,1,0,0
-73.1859,-108.8035,1,2013006,-73.2,-108.9,1,-73.1859,-108.8035,1,32,17
-73.1749,-108.8064,1,2013007,0,0,0,-73.1749,-108.8064,1,0,0
-73.1786,-108.8763,1,2013008,0,0,0,-73.1786,-108.8763,1,0,0
-73.1875,-108.8947,1,2013009,0,0,0,-73.1875,-108.8947,1,0,0
-73.1741,-108.8136,1,2013010,0,0,0,-73.1741,-108.8136,1,0,0
-73.1434,-108.8021,1,2013011,0,0,0,-73.1434,-108.8021,1,0,0
-73.0702,-108.7895,1,2013012,0,0,0,-73.0702,-108.7895,1,0,0
-73.0629,-108.7565,1,2013013,0,0,0,-73.0629,-108.7565,1,0,0
-73.0637,-108.7495,1,2013014,0,0,0,-73.0637,-108.7495,1,0,0
-73.0961,-108.8523,1,2013015,0,0,0,-73.0961,-108.8523,1,0,0
-73.0476,-108.8035,1,2013016,0,0,0,-73.0476,-108.8035,1,0,0
-73.0618,-108.9826,1,2013017,0,0,0,-73.0618,-108.9826,1,0,0
-73.0522,-108.8651,1,2013018,0,0,0,-73.0522,-108.8651,1,0,0
-73.0383,-108.8979,1,2013019,0,0,0,-73.0383,-108.8979,1,0,0
-73.0193,-108.9808,1,2013020,-73.02,-109.05,1,-73.0193,-108.9808,1,32,17
-72.9535,-109.1054,1,2013021,-73.0109,-109.0635,0,-72.9535,-109.1054,1,0,0
-72.9236,-109.1906,1,2013022,-73.0031,-109.0772,0,-72.9236,-109.1906,1,0,0
-72.9251,-109.1759,1,2013023,-72.996,-109.0917,0,-72.9251,-109.1759,1,0,0
-72.9529,-109.0071,1,2013024,-72.9888,-109.1077,0,-72.9529,-109.0071,1,0,0
-72.9411,-108.9129,1,2013025,-72.9809,-109.1257,0,-72.9411,-108.9129,1,0,0
-72.8958,-109.0454,1,2013026,-72.9715,-109.1463,0,-72.8958,-109.0454,1,0,0
-72.8607,-109.1807,1,2013027,-72.96,-109.17,1,-72.8607,-109.1807,1,32,17
-72.8783,-109.3217,1,2013028,-72.9417,-109.2024,0,-72.8783,-109.3217,1,0,0
-72.8306,-109.3693,1,2013029,-72.915,-109.2463,0,-72.8306,-109.3693,1,0,0
-72.8007,-109.3495,1,2013030,-72.8834,-109.2983,0,-72.8007,-109.3495,1,0,0
-72.7752,-109.2872,1,2013031,-72.8506,-109.355,0,-72.7752,-109.2872,1,0,0
-72.7641,-109.3944,1,2013032,-72.82,-109.4131,0,-72.7641,-109.3944,1,0,0
-72.7457,-109.4415,0,2013033,-72.7953,-109.4692,0,-72.7457,-109.4415,0,0,0
-72.7217,-109.4731,0,2013034,-72.78,-109.52,1,-72.7217,-109.4731,0,32,17
-72.6973,-109.5223,1,2013035,-72.7714,-109.5688,0,-72.6973,-109.5223,1,0,0
-72.6737,-109.6452,1,2013036,-72.7641,-109.6199,0,-72.6737,-109.6452,1,0,0
-72.6693,-109.6873,1,2013037,-72.7579,-109.671,0,-72.6693,-109.6873,1,0,0
-72.6693,-109.6873,1,2013038,-72.7526,-109.7198,0,-72.6693,-109.6873,1,0,0
-72.6693,-109.6873,1,2013039,-72.748,-109.764,0,-72.6693,-109.6873,1,0,0
-72.6693,-109.6873,1,2013040,-72.7439,-109.8015,0,-72.6693,-109.6873,1,0,0
-72.6757,-109.9264,1,2013041,-72.74,-109.83,1,-72.6757,-109.9264,1,32,17
-72.6841,-109.9794,0,2013042,-72.7365,-109.8509,0,-72.6841,-109.9794,0,0,0
-72.6893,-109.9984,1,2013043,-72.7336,-109.868,0,-72.6893,-109.9984,1,0,0
-72.6893,-109.9984,1,2013044,-72.7309,-109.8826,0,-72.6893,-109.9984,1,0,0
-72.6979,-110.0168,1,2013045,-72.7284,-109.8958,0,-72.6979,-110.0168,1,0,0
-72.6979,-110.0168,0,2013046,-72.7259,-109.909,0,-72.6979,-110.0168,0,0,0
-72.6979,-110.0168,1,2013047,-72.7232,-109.9233,0,-72.6979,-110.0168,1,0,0
-72.6979,-110.0168,1,2013048,-72.72,-109.94,1,-72.6979,-110.0168,1,32,17
-72.6943,-109.8523,1,2013049,0,0,0,-72.6943,-109.8523,1,0,0
-72.6579,-109.904,0,2013050,0,0,0,-72.6579,-109.904,0,0,0
-72.6082,-109.9556,1,2013051,0,0,0,-72.6082,-109.9556,1,0,0
-72.5807,-109.9139,1,2013052,0,0,0,-72.5807,-109.9139,1,0,0
-72.5819,-110.0029,1,2013053,0,0,0,-72.5819,-110.0029,1,0,0
-72.6215,-110.1305,1,2013054,0,0,0,-72.6215,-110.1305,1,0,0
-72.6303,-110.2448,1,2013055,0,0,0,-72.6303,-110.2448,1,0,0
-72.6418,-110.1391,1,2013056,0,0,0,-72.6418,-110.1391,1,0,0
-72.6487,-110.0759,1,2013057,0,0,0,-72.6487,-110.0759,1,0,0
-72.7031,-110.167,1,2013058,0,0,0,-72.7031,-110.167,1,0,0
-72.7092,-110.1103,1,2013059,0,0,0,-72.7092,-110.1103,1,0,0
-72.7007,-110.1882,1,2013060,0,0,0,-72.7007,-110.1882,1,0,0
-72.6986,-110.1848,0,2013061,0,0,0,-72.6986,-110.1848,0,0,0
-72.6976,-110.1766,0,2013062,0,0,0,-72.6976,-110.1766,0,0,0
-72.697,-110.1668,0,2013063,0,0,0,-72.697,-110.1668,0,0,0
-72.6959,-110.1586,0,2013064,0,0,0,-72.6959,-110.1586,0,0,0
-72.6935,-110.1552,1,2013065,0,0,0,-72.6935,-110.1552,1,0,0
-72.6748,-110.2281,1,2013066,0,0,0,-72.6748,-110.2281,1,0,0
-72.649,-110.268,1,2013067,0,0,0,-72.649,-110.268,1,0,0
-72.6515,-110.3429,1,2013068,0,0,0,-72.6515,-110.3429,1,0,0
-72.6602,-110.3615,1,2013069,0,0,0,-72.6602,-110.3615,1,0,0
-72.6414,-110.4341,1,2013070,0,0,0,-72.6414,-110.4341,1,0,0
-72.7185,-110.5143,1,2013071,0,0,0,-72.7185,-110.5143,1,0,0
-72.6373,-110.4688,1,2013072,0,0,0,-72.6373,-110.4688,1,0,0
-72.6305,-110.5321,1,2013073,0,0,0,-72.6305,-110.5321,1,0,0
-72.6768,-110.6945,1,2013074,0,0,0,-72.6768,-110.6945,1,0,0
-72.6844,-110.8163,1,2013075,0,0,0,-72.6844,-110.8163,1,0,0
-72.6554,-110.691,1,2013076,0,0,0,-72.6554,-110.691,1,0,0
-72.6595,-110.6561,1,2013077,0,0,0,-72.6595,-110.6561,1,0,0
-72.6917,-110.6569,1,2013078,0,0,0,-72.6917,-110.6569,1,0,0
-72.6915,-110.7532,1,2013079,0,0,0,-72.6915,-110.7532,1,0,0
-72.6881,-110.7643,0,2013080,0,0,0,-72.6881,-110.7643,0,0,0
-72.6781,-110.7761,1,2013081,0,0,0,-72.6781,-110.7761,1,0,0
-72.6048,-110.9471,1,2013082,0,0,0,-72.6048,-110.9471,1,0,0
-72.5994,-110.9957,1,2013083,0,0,0,-72.5994,-110.9957,1,0,0
-72.6074,-111.2063,1,2013084,0,0,0,-72.6074,-111.2063,1,0,0
-72.5892,-111.2702,1,2013085,0,0,0,-72.5892,-111.2702,1,0,0
-72.5805,-111.2615,0,2013086,0,0,0,-72.5805,-111.2615,0,0,0
-72.5696,-111.2527,1,2013087,0,0,0,-72.5696,-111.2527,1,0,0
-72.522,-111.3828,1,2013088,0,0,0,-72.522,-111.3828,1,0,0
-72.4663,-111.3976,1,2013089,0,0,0,-72.4663,-111.3976,1,0,0
-72.4553,-111.5823,1,2013090,0,0,0,-72.4553,-111.5823,1,0,0
-72.4617,-111.7099,1,2013091,0,0,0,-72.4617,-111.7099,1,0,0
-72.4434,-111.861,1,2013092,0,0,0,-72.4434,-111.861,1,0,0
-72.387,-112.0566,1,2013093,0,0,0,-72.387,-112.0566,1,0,0
-72.3576,-112.2076,1,2013094,0,0,0,-72.3576,-112.2076,1,0,0
-72.3763,-112.3201,1,2013095,0,0,0,-72.3763,-112.3201,1,0,0
-72.3661,-112.314,1,2013096,0,0,0,-72.3661,-112.314,1,0,0
-72.35,-112.356,1,2013097,0,0,0,-72.35,-112.356,1,0,0
-72.3424,-112.4172,1,2013098,0,0,0,-72.3424,-112.4172,1,0,0
-72.2907,-112.4821,1,2013099,0,0,0,-72.2907,-112.4821,1,0,0
-72.2661,-112.5912,1,2013100,0,0,0,-72.2661,-112.5912,1,0,0
-72.2283,-112.4602,1,2013101,0,0,0,-72.2283,-112.4602,1,0,0
-72.2048,-112.4756,1,2013102,0,0,0,-72.2048,-112.4756,1,0,0
-72.2361,-112.3996,1,2013103,0,0,0,-72.2361,-112.3996,1,0,0
-72.1758,-112.5318,1,2013104,0,0,0,-72.1758,-112.5318,1,0,0
-72.1582,-112.4996,1,2013105,0,0,0,-72.1582,-112.4996,1,0,0
-72.1767,-112.6117,1,2013106,0,0,0,-72.1767,-112.6117,1,0,0
-72.1344,-112.6013,1,2013107,0,0,0,-72.1344,-112.6013,1,0,0
-72.1092,-112.8824,1,2013108,0,0,0,-72.1092,-112.8824,1,0,0
-72.1106,-112.9546,1,2013109,0,0,0,-72.1106,-112.9546,1,0,0
-72.1038,-113.174,1,2013110,0,0,0,-72.1038,-113.174,1,0,0
-72.1033,-113.2599,1,2013111,0,0,0,-72.1033,-113.2599,1,0,0
-72.094,-113.4127,1,2013112,0,0,0,-72.094,-113.4127,1,0,0
-72.0807,-113.5121,1,2013113,0,0,0,-72.0807,-113.5121,1,0,0
-72.0783,-113.6115,1,2013114,0,0,0,-72.0783,-113.6115,1,0,0
-72.1134,-113.6769,1,2013115,0,0,0,-72.1134,-113.6769,1,0,0
-72.1229,-113.8495,1,2013116,0,0,0,-72.1229,-113.8495,1,0,0
-72.136,-114.0752,1,2013117,0,0,0,-72.136,-114.0752,1,0,0
-72.1223,-114.1743,1,2013118,0,0,0,-72.1223,-114.1743,1,0,0
-72.1132,-114.2403,1,2013119,0,0,0,-72.1132,-114.2403,1,0,0
-72.1269,-114.3002,1,2013120,0,0,0,-72.1269,-114.3002,1,0,0
-72.1287,-114.2071,1,2013121,0,0,0,-72.1287,-114.2071,1,0,0
-72.1296,-114.3602,1,2013122,0,0,0,-72.1296,-114.3602,1,0,0
-72.1039,-114.3062,1,2013123,0,0,0,-72.1039,-114.3062,1,0,0
-72.0836,-114.5314,1,2013124,0,0,0,-72.0836,-114.5314,1,0,0
-72.0588,-114.55,1,2013125,0,0,0,-72.0588,-114.55,1,0,0
-72.058,-114.5565,1,2013126,0,0,0,-72.058,-114.5565,1,0,0
-72.0464,-114.7944,1,2013127,0,0,0,-72.0464,-114.7944,1,0,0
-72.0255,-115.0176,1,2013128,0,0,0,-72.0255,-115.0176,1,0,0
-72.0013,-114.8771,1,2013129,0,0,0,-72.0013,-114.8771,1,0,0
-71.9986,-114.897,1,2013130,0,0,0,-71.9986,-114.897,1,0,0
-71.9986,-114.897,1,2013131,0,0,0,-71.9986,-114.897,1,0,0
-71.9986,-114.897,1,2013132,0,0,0,-71.9986,-114.897,1,0,0
-71.9986,-114.897,1,2013133,0,0,0,-71.9986,-114.897,1,0,0
-71.9986,-114.897,1,2013134,0,0,0,-71.9986,-114.897,1,0,0
-71.9964,-114.9893,1,2013135,0,0,0,-71.9964,-114.9893,1,0,0
-71.9558,-115.0393,1,2013136,0,0,0,-71.9558,-115.0393,1,0,0
-71.9808,-115.021,1,2013137,0,0,0,-71.9808,-115.021,1,0,0
-71.9832,-115.0806,1,2013138,0,0,0,-71.9832,-115.0806,1,0,0
-71.986,-115.0608,1,2013139,0,0,0,-71.986,-115.0608,1,0,0
-71.9769,-115.047,1,2013140,0,0,0,-71.9769,-115.047,1,0,0
-71.9694,-115.0994,1,2013141,0,0,0,-71.9694,-115.0994,1,0,0
-71.9555,-115.1181,1,2013142,0,0,0,-71.9555,-115.1181,1,0,0
-71.9388,-115.1565,1,2013143,0,0,0,-71.9388,-115.1565,1,0,0
-71.9175,-115.2273,1,2013144,0,0,0,-71.9175,-115.2273,1,0,0
-71.9308,-115.1359,1,2013145,0,0,0,-71.9308,-115.1359,1,0,0
-71.9562,-115.1905,1,2013146,0,0,0,-71.9562,-115.1905,1,0,0
-71.9546,-115.1245,1,2013147,0,0,0,-71.9546,-115.1245,1,0,0
-71.9593,-115.092,1,2013148,0,0,0,-71.9593,-115.092,1,0,0
-71.954,-115.0521,1,2013149,0,0,0,-71.954,-115.0521,1,0,0
-71.955,-115.0458,1,2013150,0,0,0,-71.955,-115.0458,1,0,0
-71.955,-115.0458,1,2013151,0,0,0,-71.955,-115.0458,1,0,0
-71.955,-115.0458,1,2013152,0,0,0,-71.955,-115.0458,1,0,0
-71.955,-115.0458,1,2013153,0,0,0,-71.955,-115.0458,1,0,0
-71.955,-115.0458,1,2013154,0,0,0,-71.955,-115.0458,1,0,0
-71.9163,-115.0829,1,2013155,0,0,0,-71.9163,-115.0829,1,0,0
-71.8955,-115.2258,1,2013156,0,0,0,-71.8955,-115.2258,1,0,0
-71.8687,-115.1056,1,2013157,0,0,0,-71.8687,-115.1056,1,0,0
-71.8454,-115.1895,1,2013158,0,0,0,-71.8454,-115.1895,1,0,0
-71.8057,-115.082,1,2013159,0,0,0,-71.8057,-115.082,1,0,0
-71.793,-115.2447,1,2013160,0,0,0,-71.793,-115.2447,1,0,0
-71.7955,-115.3032,1,2013161,0,0,0,-71.7955,-115.3032,1,0,0
-71.718,-115.3754,1,2013162,0,0,0,-71.718,-115.3754,1,0,0
-71.6898,-115.639,1,2013163,0,0,0,-71.6898,-115.639,1,0,0
-71.6628,-115.8174,1,2013164,0,0,0,-71.6628,-115.8174,1,0,0
-71.6507,-116.0425,1,2013165,0,0,0,-71.6507,-116.0425,1,0,0
-71.5938,-116.0482,1,2013166,0,0,0,-71.5938,-116.0482,1,0,0
-71.602,-116.0685,1,2013167,0,0,0,-71.602,-116.0685,1,0,0
-71.593,-116.0546,1,2013168,0,0,0,-71.593,-116.0546,1,0,0
-71.6008,-116.0038,1,2013169,0,0,0,-71.6008,-116.0038,1,0,0
-71.5861,-116.0991,1,2013170,0,0,0,-71.5861,-116.0991,1,0,0
-71.5688,-115.9936,1,2013171,0,0,0,-71.5688,-115.9936,1,0,0
-71.5852,-116.1054,1,2013172,0,0,0,-71.5852,-116.1054,1,0,0
-71.5864,-116.2409,1,2013173,0,0,0,-71.5864,-116.2409,1,0,0
-71.5359,-115.9896,1,2013174,0,0,0,-71.5359,-115.9896,1,0,0
-71.5443,-116.0812,1,2013175,0,0,0,-71.5443,-116.0812,1,0,0
-71.5433,-116.0873,1,2013176,0,0,0,-71.5433,-116.0873,1,0,0
-71.5596,-116.2698,1,2013177,0,0,0,-71.5596,-116.2698,1,0,0
-71.5193,-116.097,1,2013178,0,0,0,-71.5193,-116.097,1,0,0
-71.5306,-116.1694,1,2013179,0,0,0,-71.5306,-116.1694,1,0,0
-71.5525,-116.172,1,2013180,0,0,0,-71.5525,-116.172,1,0,0
-71.5525,-116.172,1,2013181,0,0,0,-71.5525,-116.172,1,0,0
-71.5733,-116.11,1,2013182,0,0,0,-71.5733,-116.11,1,0,0
-71.6114,-116.2246,1,2013183,0,0,0,-71.6114,-116.2246,1,0,0
-71.5713,-116.1936,1,2013184,0,0,0,-71.5713,-116.1936,1,0,0
-71.5744,-116.1746,1,2013185,0,0,0,-71.5744,-116.1746,1,0,0
-71.5945,-116.2611,1,2013186,0,0,0,-71.5945,-116.2611,1,0,0
-71.6064,-116.256,1,2013187,0,0,0,-71.6064,-116.256,1,0,0
-71.6052,-116.1911,1,2013188,0,0,0,-71.6052,-116.1911,1,0,0
-71.5972,-116.171,1,2013189,0,0,0,-71.5972,-116.171,1,0,0
-71.6153,-116.1991,1,2013190,0,0,0,-71.6153,-116.1991,1,0,0
-71.5983,-116.2357,1,2013191,0,0,0,-71.5983,-116.2357,1,0,0
-71.6053,-116.1912,1,2013192,0,0,0,-71.6053,-116.1912,1,0,0
-71.5984,-116.2357,1,2013193,0,0,0,-71.5984,-116.2357,1,0,0
-71.6284,-116.2588,1,2013194,0,0,0,-71.6284,-116.2588,1,0,0
-71.6163,-116.2637,1,2013195,0,0,0,-71.6163,-116.2637,1,0,0
-71.5793,-116.2138,1,2013196,0,0,0,-71.5793,-116.2138,1,0,0
-71.5935,-116.2673,1,2013197,0,0,0,-71.5935,-116.2673,1,0,0
-71.6115,-116.2954,1,2013198,0,0,0,-71.6115,-116.2954,1,0,0
-71.6154,-116.27,1,2013199,0,0,0,-71.6154,-116.27,1,0,0
-71.6334,-116.2982,1,2013200,0,0,0,-71.6334,-116.2982,1,0,0
-71.6243,-116.284,1,2013201,0,0,0,-71.6243,-116.284,1,0,0
-71.6243,-116.284,1,2013202,0,0,0,-71.6243,-116.284,1,0,0
-71.6283,-116.2586,1,2013203,0,0,0,-71.6283,-116.2586,1,0,0
-71.5971,-116.1708,1,2013204,0,0,0,-71.5971,-116.1708,1,0,0
-71.6192,-116.1737,1,2013205,0,0,0,-71.6192,-116.1737,1,0,0
-71.579,-116.072,1,2013206,0,0,0,-71.579,-116.072,1,0,0
-71.574,-116.0329,1,2013207,0,0,0,-71.574,-116.0329,1,0,0
-71.5722,-116.1167,1,2013208,0,0,0,-71.5722,-116.1167,1,0,0
-71.5455,-116.2164,1,2013209,0,0,0,-71.5455,-116.2164,1,0,0
-71.5711,-116.0515,1,2013210,0,0,0,-71.5711,-116.0515,1,0,0
-71.5869,-116.0215,1,2013211,0,0,0,-71.5869,-116.0215,1,0,0
-71.5415,-115.8813,1,2013212,0,0,0,-71.5415,-115.8813,1,0,0
-71.5517,-115.8891,1,2013213,0,0,0,-71.5517,-115.8891,1,0,0
-71.5684,-115.8522,1,2013214,0,0,0,-71.5684,-115.8522,1,0,0
-71.5759,-115.7305,1,2013215,0,0,0,-71.5759,-115.7305,1,0,0
-71.5532,-115.5869,1,2013216,0,0,0,-71.5532,-115.5869,1,0,0
-71.5762,-115.5827,1,2013217,0,0,0,-71.5762,-115.5827,1,0,0
-71.5419,-115.3673,1,2013218,0,0,0,-71.5419,-115.3673,1,0,0
-71.5295,-115.3025,1,2013219,0,0,0,-71.5295,-115.3025,1,0,0
-71.4775,-115.2796,1,2013220,0,0,0,-71.4775,-115.2796,1,0,0
-71.4957,-115.159,1,2013221,0,0,0,-71.4957,-115.159,1,0,0
-71.4483,-115.105,1,2013222,0,0,0,-71.4483,-115.105,1,0,0
-71.4695,-114.8884,1,2013223,0,0,0,-71.4695,-114.8884,1,0,0
-71.4346,-114.9001,1,2013224,0,0,0,-71.4346,-114.9001,1,0,0
-71.4337,-114.9064,1,2013225,0,0,0,-71.4337,-114.9064,1,0,0
-71.4262,-114.9572,1,2013226,0,0,0,-71.4262,-114.9572,1,0,0
-71.42,-114.9247,1,2013227,0,0,0,-71.42,-114.9247,1,0,0
-71.4617,-115.0167,1,2013228,0,0,0,-71.4617,-115.0167,1,0,0
-71.4396,-115.0152,1,2013229,0,0,0,-71.4396,-115.0152,1,0,0
-71.4365,-115.111,1,2013230,0,0,0,-71.4365,-115.111,1,0,0
-71.4485,-115.1052,1,2013231,0,0,0,-71.4485,-115.1052,1,0,0
-71.5029,-115.1856,1,2013232,0,0,0,-71.5029,-115.1856,1,0,0
-71.4928,-115.326,1,2013233,0,0,0,-71.4928,-115.326,1,0,0
-71.5258,-115.3282,1,2013234,0,0,0,-71.5258,-115.3282,1,0,0
-71.5243,-115.4117,1,2013235,0,0,0,-71.5243,-115.4117,1,0,0
-71.5367,-115.4767,1,2013236,0,0,0,-71.5367,-115.4767,1,0,0
-71.5367,-115.4767,1,2013237,0,0,0,-71.5367,-115.4767,1,0,0
-71.5509,-115.5294,1,2013238,0,0,0,-71.5509,-115.5294,1,0,0
-71.5085,-115.442,1,2013239,0,0,0,-71.5085,-115.442,1,0,0
-71.4889,-115.4984,1,2013240,0,0,0,-71.4889,-115.4984,1,0,0
-71.4601,-115.4823,0,2013241,0,0,0,-71.4601,-115.4823,0,0,0
-71.4418,-115.443,1,2013242,0,0,0,-71.4418,-115.443,1,0,0
-71.4572,-115.3419,1,2013243,0,0,0,-71.4572,-115.3419,1,0,0
-71.4447,-115.2772,1,2013244,-71.61,-115.15,1,-71.4447,-115.2772,1,32,19
-71.4571,-115.195,1,2013245,0,0,0,-71.4571,-115.195,1,0,0
-71.4255,-115.1099,1,2013246,0,0,0,-71.4255,-115.1099,1,0,0
-71.4385,-114.8741,1,2013247,0,0,0,-71.4385,-114.8741,1,0,0
-71.4246,-114.8931,1,2013248,0,0,0,-71.4246,-114.8931,1,0,0
-71.4268,-114.8038,1,2013249,0,0,0,-71.4268,-114.8038,1,0,0
-71.4658,-114.9147,1,2013250,0,0,0,-71.4658,-114.9147,1,0,0
-71.4616,-114.7924,1,2013251,0,0,0,-71.4616,-114.7924,1,0,0
-71.4506,-114.7923,1,2013252,0,0,0,-71.4506,-114.7923,1,0,0
-71.4543,-114.7668,1,2013253,0,0,0,-71.4543,-114.7668,1,0,0
-71.4398,-114.715,1,2013254,0,0,0,-71.4398,-114.715,1,0,0
-71.4702,-114.6587,1,2013255,0,0,0,-71.4702,-114.6587,1,0,0
-71.4234,-114.6762,1,2013256,0,0,0,-71.4234,-114.6762,1,0,0
-71.4611,-114.6456,1,2013257,0,0,0,-71.4611,-114.6456,1,0,0
-71.4545,-114.6903,1,2013258,0,0,0,-71.4545,-114.6903,1,0,0
-71.4225,-114.6825,1,2013259,0,0,0,-71.4225,-114.6825,1,0,0
-71.4242,-114.7466,1,2013260,0,0,0,-71.4242,-114.7466,1,0,0
-71.4242,-114.7466,1,2013261,0,0,0,-71.4242,-114.7466,1,0,0
-71.4242,-114.7466,1,2013262,0,0,0,-71.4242,-114.7466,1,0,0
-71.4242,-114.7466,1,2013263,0,0,0,-71.4242,-114.7466,1,0,0
-71.4373,-114.9582,1,2013264,0,0,0,-71.4373,-114.9582,1,0,0
-71.5231,-115.2002,1,2013265,0,0,0,-71.5231,-115.2002,1,0,0
-71.5209,-115.2123,1,2013266,0,0,0,-71.5209,-115.2123,1,0,0
-71.5209,-115.2123,1,2013267,0,0,0,-71.5209,-115.2123,1,0,0
-71.5209,-115.2123,1,2013268,0,0,0,-71.5209,-115.2123,1,0,0
-71.5209,-115.2123,1,2013269,0,0,0,-71.5209,-115.2123,1,0,0
-71.5209,-115.2123,1,2013270,0,0,0,-71.5209,-115.2123,1,0,0
-71.5209,-115.2123,1,2013271,0,0,0,-71.5209,-115.2123,1,0,0
-71.5133,-115.2632,1,2013272,0,0,0,-71.5133,-115.2632,1,0,0
-71.5133,-115.2632,1,2013273,0,0,0,-71.5133,-115.2632,1,0,0
-71.5194,-115.2915,0,2013274,0,0,0,-71.5194,-115.2915,0,0,0
-71.534,-115.3618,0,2013275,0,0,0,-71.534,-115.3618,0,0,0
-71.5515,-115.4525,1,2013276,0,0,0,-71.5515,-115.4525,1,0,0
-71.5742,-115.5958,1,2013277,0,0,0,-71.5742,-115.5958,1,0,0
-71.6275,-115.6845,1,2013278,0,0,0,-71.6275,-115.6845,1,0,0
-71.661,-115.83,1,2013279,0,0,0,-71.661,-115.83,1,0,0
-71.6885,-116.0143,1,2013280,0,0,0,-71.6885,-116.0143,1,0,0
-71.6904,-116.001,1,2013281,0,0,0,-71.6904,-116.001,1,0,0
-71.7078,-116.1786,1,2013282,0,0,0,-71.7078,-116.1786,1,0,0
-71.7661,-116.4526,1,2013283,0,0,0,-71.7661,-116.4526,1,0,0
-71.7759,-116.6753,1,2013284,0,0,0,-71.7759,-116.6753,1,0,0
-71.7552,-117.3694,1,2013285,0,0,0,-71.7552,-117.3694,1,0,0
-71.7874,-117.3085,1,2013286,0,0,0,-71.7874,-117.3085,1,0,0
-71.7384,-117.5406,1,2013287,0,0,0,-71.7384,-117.5406,1,0,0
-71.7883,-117.7199,1,2013288,0,0,0,-71.7883,-117.7199,1,0,0
-71.8102,-117.8617,1,2013289,0,0,0,-71.8102,-117.8617,1,0,0
-71.8399,-118.0252,1,2013290,0,0,0,-71.8399,-118.0252,1,0,0
-71.8747,-118.1576,1,2013291,-71.56,-115.2,1,-71.8747,-118.1576,1,32,19
-71.8899,-117.9965,1,2013292,-71.5805,-115.3363,0,-71.8899,-117.9965,1,0,0
-71.8794,-118.0601,1,2013293,-71.6334,-115.688,0,-71.8794,-118.0601,1,0,0
-71.8643,-117.9449,1,2013294,-71.7056,-116.1781,0,-71.8643,-117.9449,1,0,0
-71.8529,-118.0148,1,2013295,-71.7844,-116.7295,0,-71.8529,-118.0148,1,0,0
-71.8247,-117.91,1,2013296,-71.8566,-117.265,0,-71.8247,-117.91,1,0,0
-71.8221,-117.9948,1,2013297,-71.9095,-117.7076,0,-71.8221,-117.9948,1,0,0
-71.8033,-117.9708,1,2013298,-71.93,-117.98,1,-71.8033,-117.9708,1,32,19
-71.7875,-118.2027,1,2013299,0,0,0,-71.7875,-118.2027,1,0,0
-71.8314,-118.2125,1,2013300,0,0,0,-71.8314,-118.2125,1,0,0
-71.8475,-118.5906,1,2013301,0,0,0,-71.8475,-118.5906,1,0,0
-71.7899,-118.7253,1,2013302,0,0,0,-71.7899,-118.7253,1,0,0
-71.7741,-118.8843,1,2013303,0,0,0,-71.7741,-118.8843,1,0,0
-71.7668,-118.9931,1,2013304,0,0,0,-71.7668,-118.9931,1,0,0
-71.709,-119.1919,1,2013305,0,0,0,-71.709,-119.1919,1,0,0
-71.6741,-119.1291,1,2013306,0,0,0,-71.6741,-119.1291,1,0,0
-71.6348,-119.1569,1,2013307,0,0,0,-71.6348,-119.1569,1,0,0
-71.624,-119.1537,1,2013308,0,0,0,-71.624,-119.1537,1,0,0
-71.6154,-119.3329,1,2013309,0,0,0,-71.6154,-119.3329,1,0,0
-71.5815,-119.3936,1,2013310,0,0,0,-71.5815,-119.3936,1,0,0
-71.563,-119.3685,1,2013311,0,0,0,-71.563,-119.3685,1,0,0
-71.5061,-119.3,1,2013312,-71.61,-119.28,1,-71.5061,-119.3,1,32,19
-71.492,-119.2508,1,2013313,-71.5869,-119.2756,0,-71.492,-119.2508,1,0,0
-71.4975,-119.2204,1,2013314,-71.5624,-119.2641,0,-71.4975,-119.2204,1,0,0
-71.4887,-119.1405,1,2013315,-71.5377,-119.2485,0,-71.4887,-119.1405,1,0,0
-71.459,-119.0486,1,2013316,-71.514,-119.2315,0,-71.459,-119.0486,1,0,0
-71.4689,-119.0581,1,2013317,-71.4923,-119.2159,0,-71.4689,-119.0581,1,0,0
-71.4687,-118.9294,1,2013318,-71.4739,-119.2044,0,-71.4687,-118.9294,1,0,0
-71.448,-118.9818,1,2013319,-71.46,-119.2,1,-71.448,-118.9818,1,32,19
-71.448,-118.9818,1,2013320,0,0,0,-71.448,-118.9818,1,0,0
-71.3941,-118.8322,1,2013321,0,0,0,-71.3941,-118.8322,1,0,0
-71.3904,-118.6587,1,2013322,0,0,0,-71.3904,-118.6587,1,0,0
-71.3799,-118.7844,1,2013323,0,0,0,-71.3799,-118.7844,1,0,0
-71.404,-118.7776,1,2013324,0,0,0,-71.404,-118.7776,1,0,0
-71.3919,-118.7809,1,2013325,0,0,0,-71.3919,-118.7809,1,0,0
-71.3264,-118.8276,1,2013326,0,0,0,-71.3264,-118.8276,1,0,0
-71.3415,-119.1316,1,2013327,0,0,0,-71.3415,-119.1316,1,0,0
-71.3251,-119.1583,1,2013328,0,0,0,-71.3251,-119.1583,1,0,0
-71.3109,-119.2371,1,2013329,0,0,0,-71.3109,-119.2371,1,0,0
-71.287,-119.3064,1,2013330,0,0,0,-71.287,-119.3064,1,0,0
-71.3165,-119.5257,1,2013331,0,0,0,-71.3165,-119.5257,1,0,0
-71.3505,-119.5537,0,2013332,0,0,0,-71.3505,-119.5537,0,0,0
-71.3897,-119.5715,0,2013333,-71.36,-119.5,1,-71.3897,-119.5715,0,32,19
-71.4289,-119.5827,0,2013334,-71.3616,-119.4922,0,-71.4289,-119.5827,0,0,0
-71.4633,-119.5909,0,2013335,-71.3661,-119.4722,0,-71.4633,-119.5909,0,0,0
-71.4876,-119.5997,0,2013336,-71.3728,-119.4449,0,-71.4876,-119.5997,0,0,0
-71.4968,-119.6126,1,2013337,-71.3811,-119.4151,0,-71.4968,-119.6126,1,0,0
-71.47,-119.6301,1,2013338,-71.3905,-119.3878,0,-71.47,-119.6301,1,0,0
-71.482,-119.6917,1,2013339,-71.4003,-119.3678,0,-71.482,-119.6917,1,0,0
-71.4761,-119.8508,1,2013340,-71.41,-119.36,1,-71.4761,-119.8508,1,32,19
-71.4611,-119.7425,1,2013341,0,0,0,-71.4611,-119.7425,1,0,0
-71.458,-119.6968,1,2013342,0,0,0,-71.458,-119.6968,1,0,0
-71.4673,-119.8996,1,2013343,0,0,0,-71.4673,-119.8996,1,0,0
-71.5023,-120.0176,0,2013344,0,0,0,-71.5023,-120.0176,0,0,0
-71.5615,-120.1168,0,2013345,0,0,0,-71.5615,-120.1168,0,0,0
-71.6174,-120.1851,0,2013346,0,0,0,-71.6174,-120.1851,0,0,0
-71.6422,-120.2106,1,2013347,0,0,0,-71.6422,-120.2106,1,0,0
-71.5594,-120.0258,1,2013348,0,0,0,-71.5594,-120.0258,1,0,0
-71.5647,-120.1252,1,2013349,0,0,0,-71.5647,-120.1252,1,0,0
-71.5714,-120.0883,1,2013350,0,0,0,-71.5714,-120.0883,1,0,0
-71.5714,-120.0883,1,2013351,0,0,0,-71.5714,-120.0883,1,0,0
-71.6035,-119.9759,1,2013352,0,0,0,-71.6035,-119.9759,1,0,0
-71.6035,-119.9759,1,2013353,0,0,0,-71.6035,-119.9759,1,0,0
-71.6035,-119.9759,1,2013354,-71.63,-120.28,1,-71.6035,-119.9759,1,32,19
-71.6035,-119.9759,1,2013355,0,0,0,-71.6035,-119.9759,1,0,0
-71.6035,-119.9759,1,2013356,0,0,0,-71.6035,-119.9759,1,0,0
-71.5542,-119.4808,1,2013357,0,0,0,-71.5542,-119.4808,1,0,0
-71.6089,-119.1745,1,2013358,0,0,0,-71.6089,-119.1745,1,0,0
-71.6446,-118.9711,1,2013359,0,0,0,-71.6446,-118.9711,1,0,0
-71.5518,-118.7133,1,2013360,0,0,0,-71.5518,-118.7133,1,0,0
-71.496,-118.6413,1,2013361,0,0,0,-71.496,-118.6413,1,0,0
-71.4053,-118.0417,1,2013362,0,0,0,-71.4053,-118.0417,1,0,0
-71.4523,-118.1692,1,2013363,0,0,0,-71.4523,-118.1692,1,0,0
-71.5436,-118.0998,1,2013364,0,0,0,-71.5436,-118.0998,1,0,0
-71.5411,-118.1776,0,2013365,0,0,0,-71.5411,-118.1776,0,0,0
-71.5296,-118.4593,0,2014001,0,0,0,-71.5296,-118.4593,0,0,0
-71.5186,-118.6386,0,2014002,0,0,0,-71.5186,-118.6386,0,0,0
-71.5061,-118.7164,1,2014003,-71.56,-119.63,1,-71.5061,-118.7164,1,32,19
-71.4865,-118.6968,1,2014004,-71.56,-119.63,0,-71.4865,-118.6968,1,0,0
-71.4604,-118.7157,1,2014005,-71.56,-119.63,0,-71.4604,-118.7157,1,0,0
-71.4864,-119.0251,1,2014006,-71.56,-119.63,0,-71.4864,-119.0251,1,0,0
-71.5134,-119.2262,1,2014007,-71.56,-119.63,0,-71.5134,-119.2262,1,0,0
-71.4498,-119.3876,1,2014008,-71.56,-119.63,0,-71.4498,-119.3876,1,0,0
-71.4308,-119.3655,1,2014009,-71.56,-119.63,0,-71.4308,-119.3655,1,0,0
-71.4293,-119.6401,1,2014010,-71.56,-119.63,1,-71.4293,-119.6401,1,32,19
-71.422,-119.6728,1,2014011,-71.5594,-119.6477,0,-71.422,-119.6728,1,0,0
-71.4243,-119.9207,1,2014012,-71.558,-119.6934,0,-71.4243,-119.9207,1,0,0
-71.4137,-119.7761,1,2014013,-71.5561,-119.7559,0,-71.4137,-119.7761,1,0,0
-71.4194,-119.8167,1,2014014,-71.5539,-119.8241,0,-71.4194,-119.8167,1,0,0
-71.4744,-119.641,1,2014015,-71.552,-119.8866,0,-71.4744,-119.641,1,0,0
-71.5385,-119.7407,1,2014016,-71.5506,-119.9323,0,-71.5385,-119.7407,1,0,0
-71.5268,-119.8576,1,2014017,-71.55,-119.95,1,-71.5268,-119.8576,1,31,19
-71.5608,-119.9961,1,2014018,-71.5533,-119.9445,0,-71.5608,-119.9961,1,0,0
-71.5826,-119.8668,1,2014019,-71.5619,-119.9302,0,-71.5826,-119.8668,1,0,0
-71.5741,-119.9819,1,2014020,-71.5736,-119.9106,0,-71.5741,-119.9819,1,0,0
-71.592,-119.88,1,2014021,-71.5864,-119.8894,0,-71.592,-119.88,1,0,0
-71.5902,-119.9236,1,2014022,-71.5981,-119.8698,0,-71.5902,-119.9236,1,0,0
-71.6008,-119.731,1,2014023,-71.6067,-119.8555,0,-71.6008,-119.731,1,0,0
-71.5665,-119.5913,1,2014024,-71.61,-119.85,1,-71.5665,-119.5913,1,31,19
-71.5085,-119.5903,1,2014025,-71.6058,-119.8572,0,-71.5085,-119.5903,1,0,0
-71.4631,-119.7941,1,2014026,-71.5945,-119.8758,0,-71.4631,-119.7941,1,0,0
-71.5353,-119.8642,1,2014027,-71.5785,-119.9012,0,-71.5353,-119.8642,1,0,0
-71.4872,-119.7748,1,2014028,-71.5599,-119.9288,0,-71.4872,-119.7748,1,0,0
-71.4799,-119.7616,1,2014029,-71.5408,-119.9542,0,-71.4799,-119.7616,1,0,0
-71.4948,-119.7533,1,2014030,-71.5234,-119.9728,0,-71.4948,-119.7533,1,0,0
-71.4806,-119.7675,0,2014031,-71.51,-119.98,1,-71.4806,-119.7675,0,31,19
-71.4466,-119.806,0,2014032,-71.4988,-119.9789,0,-71.4466,-119.806,0,0,0
-71.406,-119.863,0,2014033,-71.4872,-119.976,0,-71.406,-119.863,0,0,0
-71.372,-119.9324,0,2014034,-71.4759,-119.9721,0,-71.372,-119.9324,0,0,0
-71.3578,-120.0084,1,2014035,-71.4657,-119.9679,0,-71.3578,-120.0084,1,0,0
-71.3631,-120.1232,1,2014036,-71.4575,-119.964,0,-71.3631,-120.1232,1,0,0
-71.3924,-120.1541,1,2014037,-71.452,-119.9611,0,-71.3924,-120.1541,1,0,0
-71.3553,-120.2819,1,2014038,-71.45,-119.96,1,-71.3553,-120.2819,1,31,19
-71.3601,-120.3544,0,2014039,-71.4533,-119.9794,0,-71.3601,-120.3544,0,0,0
-71.3709,-120.394,1,2014040,-71.4619,-120.0294,0,-71.3709,-120.394,1,0,0
-71.3915,-120.4039,1,2014041,-71.4736,-120.0978,0,-71.3915,-120.4039,1,0,0
-71.4068,-120.4472,1,2014042,-71.4864,-120.1722,0,-71.4068,-120.4472,1,0,0
-71.4608,-120.4777,1,2014043,-71.4981,-120.2406,0,-71.4608,-120.4777,1,0,0
-71.4518,-120.3192,1,2014044,-71.5067,-120.2906,0,-71.4518,-120.3192,1,0,0
-71.4449,-120.3677,1,2014045,-71.51,-120.31,1,-71.4449,-120.3677,1,31,19
-71.4441,-120.3011,1,2014046,-71.51,-120.31,0,-71.4441,-120.3011,1,0,0
-71.4507,-120.206,1,2014047,-71.51,-120.31,0,-71.4507,-120.206,1,0,0
-71.4292,-120.1972,1,2014048,-71.51,-120.31,0,-71.4292,-120.1972,1,0,0
-71.4252,-120.2243,1,2014049,-71.51,-120.31,0,-71.4252,-120.2243,1,0,0
-71.4186,-120.3194,1,2014050,-71.51,-120.31,0,-71.4186,-120.3194,1,0,0
-71.4181,-120.3222,1,2014051,-71.51,-120.31,0,-71.4181,-120.3222,1,0,0
-71.4169,-120.458,1,2014052,-71.51,-120.31,1,-71.4169,-120.458,1,31,19
-71.305,-120.4663,1,2014053,-71.4989,-120.3261,0,-71.305,-120.4663,1,0,0
-71.3175,-120.3636,1,2014054,-71.4703,-120.3675,0,-71.3175,-120.3636,1,0,0
-71.342,-120.2977,1,2014055,-71.4313,-120.4241,0,-71.342,-120.2977,1,0,0
-71.3223,-120.3975,0,2014056,-71.3887,-120.4859,0,0,0,0,0,0
-71.3025,-120.5342,1,2014057,-71.3497,-120.5425,0,0,0,0,0,0
-71.3162,-120.5911,1,2014058,-71.3211,-120.5839,0,0,0,0,0,0
-71.298,-120.7514,1,2014059,-71.31,-120.6,1,0,0,0,31,19
-71.2892,-120.5327,1,2014060,-71.31,-120.6,0,0,0,0,0,0
-71.3035,-120.6,1,2014061,-71.31,-120.6,0,0,0,0,0,0
-71.3344,-120.6894,1,2014062,-71.31,-120.6,0,0,0,0,0,0
-71.3166,-120.7047,1,2014063,-71.31,-120.6,0,0,0,0,0,0
-71.3303,-120.6975,1,2014064,-71.31,-120.6,0,0,0,0,0,0
-71.3484,-120.5369,1,2014065,-71.31,-120.6,0,0,0,0,0,0
-71.3938,-120.4916,1,2014066,-71.31,-120.6,1,0,0,0,31,19
-71.3577,-120.4741,1,2014067,-71.3111,-120.5889,0,0,0,0,0,0
-71.3665,-120.5062,1,2014068,-71.314,-120.5603,0,0,0,0,0,0
-71.3073,-120.4298,1,2014069,-71.3179,-120.5213,0,0,0,0,0,0
-71.2773,-120.3427,1,2014070,-71.3221,-120.4787,0,0,0,0,0,0
-71.2663,-120.3721,0,2014071,-71.326,-120.4397,0,0,0,0,0,0
-71.2566,-120.4014,1,2014072,-71.3289,-120.4111,0,0,0,0,0,0
-71.238,-120.319,1,2014073,-71.33,-120.4,1,0,0,0,31,19
-71.2495,-120.4527,1,2014074,-71.3283,-120.4199,0,0,0,0,0,0
-71.2155,-120.6314,1,2014075,-71.3241,-120.4714,0,0,0,0,0,0
-71.202,-120.638,1,2014076,-71.3182,-120.5417,0,0,0,0,0,0
-71.2247,-120.7763,1,2014077,-71.3118,-120.6183,0,0,0,0,0,0
-71.2612,-120.9567,1,2014078,-71.3059,-120.6886,0,0,0,0,0,0
-71.3437,-120.949,1,2014079,-71.3017,-120.7401,0,0,0,0,0,0
-71.3714,-120.9198,1,2014080,-71.3,-120.76,1,0,0,0,31,19
-71.3696,-120.7866,1,2014081,-71.308,-120.7516,0,0,0,0,0,0
-71.3828,-120.7953,1,2014082,-71.3286,-120.7289,0,0,0,0,0,0
-71.3764,-120.7509,1,2014083,-71.3571,-120.6955,0,0,0,0,0,0
-71.3715,-120.6609,1,2014084,-71.3883,-120.6553,0,0,0,0,0,0
-71.4124,-120.7044,1,2014085,-71.4175,-120.6118,0,0,0,0,0,0
-71.4241,-120.6287,1,2014086,-71.4397,-120.5688,0,0,0,0,0,0
-71.3945,-120.5254,1,2014087,-71.45,-120.53,1,0,0,0,31,19
-71.4145,-120.4326,1,2014088,-71.4522,-120.4933,0,0,0,0,0,0
-71.4258,-120.3725,1,2014089,-71.4537,-120.4547,0,0,0,0,0,0
-71.4223,-120.3576,0,2014090,-71.4547,-120.415,0,0,0,0,0,0
-71.4188,-120.344,1,2014091,-71.4555,-120.375,0,0,0,0,0,0
-71.4506,-120.3049,1,2014092,-71.4565,-120.3353,0,0,0,0,0,0
-71.4619,-120.3099,1,2014093,-71.4579,-120.2967,0,0,0,0,0,0
-71.4756,-120.3024,1,2014094,-71.46,-120.26,1,0,0,0,31,19
-71.4826,-120.2504,1,2014095,-71.4669,-120.2212,0,0,0,0,0,0
-71.5446,-120.2022,1,2014096,-71.4805,-120.1782,0,0,0,0,0,0
-71.5469,-120.1898,1,2014097,-71.4979,-120.1347,0,0,0,0,0,0
-71.5581,-120.1291,1,2014098,-71.5165,-120.0945,0,0,0,0,0,0
-71.5581,-120.1291,1,2014099,-71.5332,-120.0611,0,0,0,0,0,0
-71.5318,-120.146,1,2014100,-71.5453,-120.0384,0,0,0,0,0,0
-71.5408,-120.0974,1,2014101,-71.55,-120.03,1,0,0,0,31,18
-71.5408,-120.0974,1,2014102,-71.5489,-120.0432,0,0,0,0,0,0
-71.5453,-120.0731,1,2014103,-71.546,-120.0791,0,0,0,0,0,0
-71.5274,-120.1705,1,2014104,-71.5421,-120.1324,0,0,0,0,0,0
-71.5274,-120.1705,1,2014105,-71.5379,-120.1975,0,0,0,0,0,0
-71.5464,-120.3192,1,2014106,-71.534,-120.2691,0,0,0,0,0,0
-71.5418,-120.3434,1,2014107,-71.5311,-120.3418,0,0,0,0,0,0
-71.578,-120.5246,1,2014108,-71.53,-120.41,1,0,0,0,31,18
-71.6342,-120.597,1,2014109,-71.5372,-120.4808,0,0,0,0,0,0
-71.625,-120.6455,1,2014110,-71.5558,-120.5619,0,0,0,0,0,0
-71.625,-120.6455,1,2014111,-71.5812,-120.6485,0,0,0,0,0,0
-71.6218,-120.7873,1,2014112,-71.6088,-120.7362,0,0,0,0,0,0
-71.6529,-120.9943,1,2014113,-71.6342,-120.8204,0,0,0,0,0,0
-71.6379,-120.9489,1,2014114,-71.6528,-120.8965,0,0,0,0,0,0
-71.6436,-121.0427,1,2014115,-71.66,-120.96,1,0,0,0,31,18
-71.6632,-121.0632,1,2014116,0,0,0,0,0,0,0,0
-71.6228,-121.1514,1,2014117,0,0,0,0,0,0,0,0
-71.577,-121.146,1,2014118,0,0,0,0,0,0,0,0
-71.577,-121.146,1,2014119,0,0,0,0,0,0,0,0
-71.5346,-121.2456,1,2014120,0,0,0,0,0,0,0,0
-71.5355,-121.3625,1,2014121,0,0,0,0,0,0,0,0
-71.5022,-121.4133,1,2014122,0,0,0,0,0,0,0,0
-71.4586,-121.3954,1,2014123,0,0,0,0,0,0,0,0
-71.4586,-121.3954,1,2014124,0,0,0,0,0,0,0,0
-71.4614,-121.3512,1,2014125,0,0,0,0,0,0,0,0
-71.4047,-121.5217,1,2014126,0,0,0,0,0,0,0,0
-71.3691,-121.5836,1,2014127,0,0,0,0,0,0,0,0
-71.3387,-121.7376,1,2014128,0,0,0,0,0,0,0,0
-71.3,-121.6949,1,2014129,-71.31,-121.53,1,0,0,0,31,18
-71.3,-121.6949,1,2014130,-71.3113,-121.5744,0,0,0,0,0,0
-71.2728,-121.7731,1,2014131,-71.3149,-121.6165,0,0,0,0,0,0
-71.2659,-121.8084,1,2014132,-71.3206,-121.6592,0,0,0,0,0,0
-71.2953,-121.898,1,2014133,-71.3282,-121.7058,0,0,0,0,0,0
-71.3322,-122.0059,0,2014134,-71.3375,-121.7594,0,0,0,0,0,0
-71.3766,-122.1263,0,2014135,-71.3482,-121.8231,0,0,0,0,0,0
-71.4221,-122.2545,0,2014136,-71.36,-121.9,1,0,0,0,31,18
-71.4623,-122.3857,0,2014137,-71.3861,-122.0441,0,0,0,0,0,0
-71.4911,-122.5151,0,2014138,-71.4339,-122.2797,0,0,0,0,0,0
-71.5021,-122.6378,1,2014139,-71.4941,-122.5654,0,0,0,0,0,0
-71.5017,-122.7525,1,2014140,-71.5579,-122.8596,0,0,0,0,0,0
-71.5535,-122.7909,1,2014141,-71.6161,-123.1211,0,0,0,0,0,0
-71.5677,-122.9542,1,2014142,-71.6598,-123.3084,0,0,0,0,0,0
-71.6025,-123.0758,1,2014143,-71.68,-123.38,1,0,0,0,31,18
-71.6263,-123.1926,1,2014144,-71.6851,-123.3734,0,0,0,0,0,0
-71.6427,-123.3449,1,2014145,-71.6895,-123.3562,0,0,0,0,0,0
-71.6678,-123.3973,1,2014146,-71.6931,-123.3328,0,0,0,0,0,0
-71.6558,-123.3384,1,2014147,-71.6961,-123.3072,0,0,0,0,0,0
-71.658,-123.4447,1,2014148,-71.6982,-123.2838,0,0,0,0,0,0
-71.6407,-123.527,1,2014149,-71.6996,-123.2666,0,0,0,0,0,0
-71.6386,-123.7093,1,2014150,-71.7,-123.26,1,0,0,0,31,18
-71.6461,-123.6737,1,2014151,-71.695,-123.2943,0,0,0,0,0,0
-71.6804,-123.798,1,2014152,-71.6822,-123.3829,0,0,0,0,0,0
-71.6804,-123.798,1,2014153,-71.6646,-123.504,0,0,0,0,0,0
-71.6962,-123.9511,1,2014154,-71.6454,-123.636,0,0,0,0,0,0
-71.6671,-123.9738,1,2014155,-71.6278,-123.7571,0,0,0,0,0,0
-71.6555,-123.9149,1,2014156,-71.615,-123.8457,0,0,0,0,0,0
-71.6704,-123.8442,1,2014157,-71.61,-123.88,1,0,0,0,31,18
-71.6627,-123.7087,1,2014158,-71.6155,-123.8562,0,0,0,0,0,0
-71.6667,-123.6325,1,2014159,-71.6298,-123.7948,0,0,0,0,0,0
-71.688,-123.4729,1,2014160,-71.6494,-123.7108,0,0,0,0,0,0
-71.688,-123.4729,1,2014161,-71.6706,-123.6192,0,0,0,0,0,0
-71.688,-123.4729,1,2014162,-71.6902,-123.5352,0,0,0,0,0,0
-71.688,-123.4729,1,2014163,-71.7045,-123.4738,0,0,0,0,0,0
-71.688,-123.4729,1,2014164,-71.71,-123.45,1,0,0,0,31,18
-71.688,-123.4729,1,2014165,0,0,0,0,0,0,0,0
-71.5968,-123.3334,1,2014166,0,0,0,0,0,0,0,0
-71.5968,-123.3334,1,2014167,0,0,0,0,0,0,0,0
-71.5968,-123.3334,1,2014168,0,0,0,0,0,0,0,0
-71.5968,-123.3334,1,2014169,0,0,0,0,0,0,0,0
-71.5379,-123.6161,1,2014170,0,0,0,0,0,0,0,0
-71.5379,-123.6161,1,2014171,0,0,0,0,0,0,0,0
-71.5379,-123.6161,1,2014172,0,0,0,0,0,0,0,0
-71.4377,-123.8604,1,2014173,0,0,0,0,0,0,0,0
-71.4377,-123.8604,1,2014174,0,0,0,0,0,0,0,0
-71.3524,-124.033,1,2014175,0,0,0,0,0,0,0,0
-71.3524,-124.033,1,2014176,0,0,0,0,0,0,0,0
-71.3524,-124.033,1,2014177,0,0,0,0,0,0,0,0
-71.3524,-124.033,1,2014178,-71.31,-124.2,1,0,0,0,31,18
-71.2444,-124.1402,1,2014179,-71.2931,-124.2572,0,0,0,0,0,0
-71.1432,-124.1605,1,2014180,-71.2784,-124.322,0,0,0,0,0,0
-71.1432,-124.1605,1,2014181,-71.2652,-124.3882,0,0,0,0,0,0
-71.1365,-124.4124,1,2014182,-71.2527,-124.4501,0,0,0,0,0,0
-71.1599,-124.3609,1,2014183,-71.2398,-124.5016,0,0,0,0,0,0
-71.1599,-124.3609,1,2014184,-71.2259,-124.5369,0,0,0,0,0,0
-71.1151,-124.6172,1,2014185,-71.21,-124.55,1,0,0,0,31,18
-71.0853,-124.5865,1,2014186,-71.1912,-124.4988,0,0,0,0,0,0
-71.0853,-124.5865,1,2014187,-71.1699,-124.3651,0,0,0,0,0,0
-71.0853,-124.5865,1,2014188,-71.1471,-124.1786,0,0,0,0,0,0
-71.0778,-124.2377,1,2014189,-71.1236,-123.9691,0,0,0,0,0,0
-71.0581,-123.9983,1,2014190,-71.1006,-123.7664,0,0,0,0,0,0
-71.0769,-123.6905,1,2014191,-71.0791,-123.6001,0,0,0,0,0,0
-71.0238,-123.4351,1,2014192,-71.06,-123.5,1,0,0,0,31,18
-71.0223,-123.2194,1,2014193,0,0,0,0,0,0,0,0
-70.9709,-123.0677,1,2014194,0,0,0,0,0,0,0,0
-70.8998,-123.1212,1,2014195,0,0,0,0,0,0,0,0
-70.8998,-123.1212,1,2014196,0,0,0,0,0,0,0,0
-70.8618,-122.9643,1,2014197,0,0,0,0,0,0,0,0
-70.8618,-122.9643,1,2014198,0,0,0,0,0,0,0,0
-70.8293,-122.949,1,2014199,0,0,0,0,0,0,0,0
-70.8845,-123.139,1,2014200,0,0,0,0,0,0,0,0
-70.8521,-123.0098,1,2014201,0,0,0,0,0,0,0,0
-70.8787,-122.9977,1,2014202,0,0,0,0,0,0,0,0
-70.8965,-123.0822,1,2014203,0,0,0,0,0,0,0,0
-70.8965,-123.0822,1,2014204,0,0,0,0,0,0,0,0
-70.8965,-123.0822,1,2014205,0,0,0,0,0,0,0,0
-70.9414,-122.7002,1,2014206,-70.86,-123.05,1,0,0,0,31,18
-71.028,-122.6282,1,2014207,-70.8722,-122.9776,0,0,0,0,0,0
-71.028,-122.6282,1,2014208,-70.9045,-122.8719,0,0,0,0,0,0
-71.0153,-122.3443,1,2014209,-70.9508,-122.7489,0,0,0,0,0,0
-71.0757,-122.3977,0,2014210,-71.0048,-122.625,0,0,0,0,0,0
-71.1361,-122.451,1,2014211,-71.0601,-122.5164,0,0,0,0,0,0
-71.1361,-122.451,1,2014212,-71.1106,-122.4393,0,0,0,0,0,0
-71.1361,-122.451,1,2014213,-71.15,-122.41,1,0,0,0,31,18
-71.1937,-122.5159,1,2014214,-71.1813,-122.4131,0,0,0,0,0,0
-71.1937,-122.5159,1,2014215,-71.2116,-122.422,0,0,0,0,0,0
-71.2933,-122.3184,1,2014216,-71.2403,-122.436,0,0,0,0,0,0
-71.3669,-122.4819,1,2014217,-71.267,-122.4544,0,0,0,0,0,0
-71.3669,-122.4819,1,2014218,-71.2911,-122.4767,0,0,0,0,0,0
-71.3524,-122.7841,1,2014219,-71.3123,-122.5021,0,0,0,0,0,0
-71.3524,-122.7841,1,2014220,-71.33,-122.53,1,0,0,0,31,18
-71.4369,-122.8372,1,2014221,-71.3451,-122.5873,0,0,0,0,0,0
-71.4369,-122.8372,1,2014222,-71.3589,-122.6884,0,0,0,0,0,0
-71.4217,-122.8712,0,2014223,-71.3714,-122.8142,0,0,0,0,0,0
-71.4065,-122.9258,1,2014224,-71.3827,-122.9454,0,0,0,0,0,0
-71.4342,-122.9651,1,2014225,-71.3928,-123.063,0,0,0,0,0,0
-71.4342,-122.9651,1,2014226,-71.4019,-123.1475,0,0,0,0,0,0
-71.4342,-122.9651,1,2014227,-71.41,-123.18,1,0,0,0,31,18
-71.4101,-122.8495,1,2014228,-71.4172,-123.1145,0,0,0,0,0,0
-71.4101,-122.8495,1,2014229,-71.4237,-122.9433,0,0,0,0,0,0
-71.4125,-122.6055,1,2014230,-71.4296,-122.7043,0,0,0,0,0,0
-71.4072,-122.2804,1,2014231,-71.4351,-122.4356,0,0,0,0,0,0
-71.4353,-122.023,1,2014232,-71.4402,-122.175,0,0,0,0,0,0
-71.4541,-121.9284,1,2014233,-71.4451,-121.9604,0,0,0,0,0,0
-71.4552,-121.6835,1,2014234,-71.45,-121.83,1,0,0,0,31,18
-71.4724,-121.536,1,2014235,-71.4543,-121.7561,0,0,0,0,0,0
-71.4544,-121.3867,1,2014236,-71.4578,-121.6873,0,0,0,0,0,0
-71.4544,-121.3867,1,2014237,-71.4609,-121.6259,0,0,0,0,0,0
-71.4793,-121.3197,1,2014238,-71.4642,-121.5742,0,0,0,0,0,0
-71.4793,-121.3197,1,2014239,-71.4682,-121.5345,0,0,0,0,0,0
-71.5073,-121.3572,1,2014240,-71.4733,-121.509,0,0,0,0,0,0
-71.5322,-121.4711,1,2014241,-71.48,-121.5,1,0,0,0,31,18
-71.5959,-121.6278,1,2014242,-71.4963,-121.5691,0,0,0,0,0,0
-71.66,-121.9031,1,2014243,-71.5269,-121.7523,0,0,0,0,0,0
-71.6982,-122.1293,1,2014244,-71.5678,-122.0134,0,0,0,0,0,0
-71.7122,-122.4766,1,2014245,-71.6146,-122.3159,0,0,0,0,0,0
-71.7461,-122.7816,1,2014246,-71.6634,-122.6237,0,0,0,0,0,0
-71.7349,-123.0126,1,2014247,-71.7099,-122.9005,0,0,0,0,0,0
-71.7349,-123.0126,1,2014248,-71.75,-123.11,1,0,0,0,31,18
-71.7204,-123.0836,1,2014249,-71.7879,-123.2584,0,0,0,0,0,0
-71.7601,-123.1828,1,2014250,-71.8287,-123.3829,0,0,0,0,0,0
-71.8578,-123.5256,1,2014251,-71.8697,-123.4935,0,0,0,0,0,0
-71.857,-123.6441,1,2014252,-71.9081,-123.6004,0,0,0,0,0,0
-71.9322,-123.8054,1,2014253,-71.9411,-123.7137,0,0,0,0,0,0
-71.9954,-123.9076,1,2014254,-71.966,-123.8435,0,0,0,0,0,0
-72.0222,-124.1812,0,2014255,-71.98,-124,1,0,0,0,31,18
-72.0334,-124.6076,1,2014256,-71.9862,-124.1964,0,0,0,0,0,0
-72.0002,-125.2052,1,2014257,-71.9904,-124.433,0,0,0,0,0,0
-72.0002,-125.2052,1,2014258,-71.9933,-124.7008,0,0,0,0,0,0
-72.0071,-125.6215,1,2014259,-71.9959,-124.9905,0,0,0,0,0,0
-72.029,-125.8751,1,2014260,-71.9989,-125.2931,0,0,0,0,0,0
-72.0512,-126.4474,1,2014261,-72.0033,-125.5993,0,0,0,0,0,0
-72.1651,-126.9703,1,2014262,-72.01,-125.9,1,0,0,0,31,18
-72.3051,-127.3623,1,2014263,-72.0327,-126.2137,0,0,0,0,0,0
-72.3684,-127.6874,1,2014264,-72.0806,-126.5551,0,0,0,0,0,0
-72.4124,-127.9682,1,2014265,-72.1482,-126.9095,0,0,0,0,0,0
-72.449,-128.0646,1,2014266,-72.2297,-127.2619,0,0,0,0,0,0
-72.5004,-128.1985,1,2014267,-72.3193,-127.5977,0,0,0,0,0,0
-72.5696,-128.3382,1,2014268,-72.4113,-127.902,0,0,0,0,0,0
-72.6565,-128.4839,0,2014269,-72.5,-128.16,1,0,0,0,31,18
-72.7565,-128.6341,0,2014270,-72.6015,-128.3982,0,0,0,0,0,0
-72.8659,-128.7903,1,2014271,-72.7272,-128.6425,0,0,0,0,0,0
-72.9914,-128.9572,1,2014272,-72.864,-128.8772,0,0,0,0,0,0
-73.0534,-129.2597,1,2014273,-72.9987,-129.087,0,0,0,0,0,0
-73.1649,-129.3097,1,2014274,-73.1183,-129.256,0,0,0,0,0,0
-73.1649,-129.3097,1,2014275,-73.2098,-129.3689,0,0,0,0,0,0
-73.2982,-129.4619,1,2014276,-73.26,-129.41,1,0,0,0,31,18
-73.2982,-129.4619,1,2014277,-73.2835,-129.4072,0,0,0,0,0,0
-73.2982,-129.4619,1,2014278,-73.3036,-129.3991,0,0,0,0,0,0
-73.3462,-129.5981,1,2014279,-73.3206,-129.3863,0,0,0,0,0,0
-73.3817,-129.5203,1,2014280,-73.3345,-129.3694,0,0,0,0,0,0
-73.3817,-129.5203,1,2014281,-73.3456,-129.349,0,0,0,0,0,0
-73.3817,-129.5203,1,2014282,-73.3541,-129.3257,0,0,0,0,0,0
-73.3431,-129.4073,1,2014283,-73.36,-129.3,1,0,0,0,31,18
-73.3502,-129.248,1,2014284,-73.364,-129.246,0,0,0,0,0,0
-73.3373,-128.9412,1,2014285,-73.367,-129.1498,0,0,0,0,0,0
-73.3702,-128.7621,1,2014286,-73.3692,-129.0298,0,0,0,0,0,0
-73.3649,-128.701,1,2014287,-73.3711,-128.9044,0,0,0,0,0,0
-73.3649,-128.701,1,2014288,-73.3733,-128.792,0,0,0,0,0,0
-73.3983,-128.8842,1,2014289,-73.3761,-128.7111,0,0,0,0,0,0
-73.4208,-128.8133,1,2014290,-73.38,-128.68,1,0,0,0,31,18
-73.4208,-128.8133,1,2014291,-73.3865,-128.6817,0,0,0,0,0,0
-73.4208,-128.8133,1,2014292,-73.3962,-128.6859,0,0,0,0,0,0
-73.4541,-128.9504,1,2014293,-73.4081,-128.6918,0,0,0,0,0,0
-73.4519,-128.8561,1,2014294,-73.4214,-128.6982,0,0,0,0,0,0
-73.4519,-128.8561,1,2014295,-73.4351,-128.7041,0,0,0,0,0,0
-73.4519,-128.8561,1,2014296,-73.4483,-128.7083,0,0,0,0,0,0
-73.4519,-128.8561,1,2014297,-73.46,-128.71,1,0,0,0,31,18
-73.4519,-128.8561,1,2014298,-73.4712,-128.7061,0,0,0,0,0,0
-73.4519,-128.8561,1,2014299,-73.4829,-128.6954,0,0,0,0,0,0
-73.4519,-128.8561,1,2014300,-73.4947,-128.6796,0,0,0,0,0,0
-73.4519,-128.8561,1,2014301,-73.5059,-128.6605,0,0,0,0,0,0
-73.4519,-128.8561,1,2014302,-73.5159,-128.6398,0,0,0,0,0,0
-73.4519,-128.8561,1,2014303,-73.5242,-128.619,0,0,0,0,0,0
-73.5047,-128.8239,1,2014304,-73.53,-128.6,1,0,0,0,31,18
-73.4836,-128.7175,1,2014305,-73.5344,-128.5793,0,0,0,0,0,0
-73.4836,-128.7175,1,2014306,-73.5385,-128.5543,0,0,0,0,0,0
-73.5285,-128.5295,1,2014307,-73.5422,-128.5277,0,0,0,0,0,0
-73.5285,-128.5295,1,2014308,-73.5454,-128.5022,0,0,0,0,0,0
-73.5285,-128.5295,1,2014309,-73.5478,-128.4806,0,0,0,0,0,0
-73.5285,-128.5295,1,2014310,-73.5494,-128.4656,0,0,0,0,0,0
-73.5285,-128.5295,1,2014311,-73.55,-128.46,1,0,0,0,31,18
-73.5285,-128.5295,1,2014312,-73.5478,-128.4705,0,0,0,0,0,0
-73.5285,-128.5295,1,2014313,-73.5421,-128.4977,0,0,0,0,0,0
-73.5221,-128.6428,1,2014314,-73.5343,-128.5348,0,0,0,0,0,0
-73.5221,-128.6428,1,2014315,-73.5257,-128.5752,0,0,0,0,0,0
-73.5221,-128.6428,1,2014316,-73.5179,-128.6123,0,0,0,0,0,0
-73.5225,-128.7812,0,2014317,-73.5122,-128.6395,0,0,0,0,0,0
-73.5238,-128.9195,1,2014318,-73.51,-128.65,1,0,0,0,31,18
-73.5593,-128.7063,1,2014319,-73.51,-128.6346,0,0,0,0,0,0
-73.5593,-128.7063,1,2014320,-73.51,-128.594,0,0,0,0,0,0
-73.5018,-128.7221,1,2014321,-73.51,-128.5363,0,0,0,0,0,0
-73.5018,-128.7221,1,2014322,-73.51,-128.4698,0,0,0,0,0,0
-73.5018,-128.7221,1,2014323,-73.51,-128.4028,0,0,0,0,0,0
-73.5018,-128.7221,1,2014324,-73.51,-128.3434,0,0,0,0,0,0
-73.5326,-128.4062,1,2014325,-73.51,-128.3,1,0,0,0,31,18
-73.5326,-128.4062,1,2014326,0,0,0,0,0,0,0,0
-73.5529,-128.2781,1,2014327,0,0,0,0,0,0,0,0
-73.5993,-128.4061,1,2014328,0,0,0,0,0,0,0,0
-73.6552,-128.3376,1,2014329,0,0,0,0,0,0,0,0
-73.6552,-128.3376,1,2014330,0,0,0,0,0,0,0,0
-73.7228,-128.1188,1,2014331,0,0,0,0,0,0,0,0
-73.7228,-128.1188,1,2014332,0,0,0,0,0,0,0,0
-73.7725,-128.028,1,2014333,0,0,0,0,0,0,0,0
-73.8059,-128.1198,1,2014334,0,0,0,0,0,0,0,0
-73.8059,-128.1198,1,2014335,0,0,0,0,0,0,0,0
-73.8059,-128.1198,1,2014336,0,0,0,0,0,0,0,0
-73.9015,-128.1617,1,2014337,0,0,0,0,0,0,0,0
-73.9015,-128.1617,1,2014338,0,0,0,0,0,0,0,0
-73.9525,-128.3491,1,2014339,-73.81,-127.98,1,0,0,0,31,18
-73.9525,-128.3491,1,2014340,-73.8253,-127.9994,0,0,0,0,0,0
-73.9525,-128.3491,1,2014341,-73.8411,-128.0484,0,0,0,0,0,0
-73.9525,-128.3491,1,2014342,-73.8559,-128.113,0,0,0,0,0,0
-73.9482,-128.4446,0,2014343,-73.8683,-128.1791,0,0,0,0,0,0
-73.9382,-128.5401,1,2014344,-73.8768,-128.2327,0,0,0,0,0,0
-73.9164,-128.4334,1,2014345,-73.88,-128.26,1,0,0,0,31,18
-73.8887,-128.3775,0,2014346,-73.8772,-128.268,0,0,0,0,0,0
-73.872,-128.3525,1,2014347,-73.8696,-128.2736,0,0,0,0,0,0
-73.872,-128.3525,1,2014348,-73.8582,-128.2777,0,0,0,0,0,0
-73.8175,-128.4258,1,2014349,-73.844,-128.2809,0,0,0,0,0,0
-73.7854,-128.4734,1,2014350,-73.828,-128.284,0,0,0,0,0,0
-73.7726,-128.3477,1,2014351,-73.8113,-128.2877,0,0,0,0,0,0
-73.8006,-128.4254,1,2014352,-73.795,-128.2928,0,0,0,0,0,0
-73.7671,-128.4212,1,2014353,-73.78,-128.3,1,0,0,0,31,18
-73.7815,-128.6465,1,2014354,-73.7646,-128.3162,0,0,0,0,0,0
-73.7601,-128.5873,1,2014355,-73.7472,-128.3444,0,0,0,0,0,0
-73.7366,-128.7025,1,2014356,-73.7289,-128.3792,0,0,0,0,0,0
-73.7024,-128.4706,1,2014357,-73.7109,-128.4154,0,0,0,0,0,0
-73.647,-128.5839,1,2014358,-73.6943,-128.4478,0,0,0,0,0,0
-73.6413,-128.5715,1,2014359,-73.6803,-128.4711,0,0,0,0,0,0
-73.6413,-128.5715,1,2014360,-73.67,-128.48,1,0,0,0,31,18
-73.6486,-128.6827,1,2014361,-73.662,-128.4795,0,0,0,0,0,0
-73.6209,-128.6042,1,2014362,-73.6544,-128.4782,0,0,0,0,0,0
-73.6424,-128.7103,1,2014363,-73.6473,-128.4765,0,0,0,0,0,0
-73.6019,-128.6408,1,2014364,-73.641,-128.4745,0,0,0,0,0,0
-73.5716,-128.5569,1,2014365,-73.6359,-128.4726,0,0,0,0,0,0
-73.6051,-128.5614,1,2015001,-73.631,-128.4705,0,0,0,0,0,0
-73.604,-128.5563,1,2015002,-73.63,-128.47,1,0,0,0,31,18
-73.604,-128.5563,1,2015003,-73.63,-128.47,0,0,0,0,0,0
-73.6168,-128.5473,1,2015004,-73.63,-128.47,0,0,0,0,0,0
-73.6365,-128.6031,1,2015005,-73.63,-128.47,0,0,0,0,0,0
-73.6282,-128.5343,1,2015006,-73.63,-128.47,0,0,0,0,0,0
-73.6368,-128.6493,1,2015007,-73.63,-128.47,0,0,0,0,0,0
-73.6417,-128.6177,1,2015008,-73.63,-128.47,0,0,0,0,0,0
-73.6406,-128.4789,1,2015009,-73.63,-128.47,1,0,0,0,31,18
-73.662,-128.5376,1,2015010,-73.6326,-128.4689,0,0,0,0,0,0
-73.662,-128.5376,1,2015011,-73.6395,-128.466,0,0,0,0,0,0
-73.6862,-128.5154,1,2015012,-73.6497,-128.4621,0,0,0,0,0,0
-73.6862,-128.5154,1,2015013,-73.662,-128.4579,0,0,0,0,0,0
-73.6986,-128.6416,1,2015014,-73.6752,-128.454,0,0,0,0,0,0
-73.6979,-128.5488,1,2015015,-73.6883,-128.4511,0,0,0,0,0,0
-73.7705,-128.8017,1,2015016,-73.7,-128.45,1,0,0,0,31,18
-73.7612,-128.7749,1,2015017,-73.7108,-128.4579,0,0,0,0,0,0
-73.793,-128.7291,1,2015018,-73.7218,-128.4798,0,0,0,0,0,0
-73.7597,-128.7231,1,2015019,-73.733,-128.5127,0,0,0,0,0,0
-73.7861,-128.6635,1,2015020,-73.7445,-128.5541,0,0,0,0,0,0
-73.786,-128.6157,1,2015021,-73.7561,-128.6009,0,0,0,0,0,0
-73.7674,-128.6993,1,2015022,-73.768,-128.6505,0,0,0,0,0,0
-73.7992,-128.6533,1,2015023,-73.78,-128.7,1,0,0,0,31,18
-73.787,-128.7558,1,2015024,-73.7936,-128.7585,0,0,0,0,0,0
-73.8062,-128.9487,1,2015025,-73.8091,-128.8327,0,0,0,0,0,0
-73.8179,-129.0305,1,2015026,-73.8254,-128.9168,0,0,0,0,0,0
-73.8438,-129.0598,1,2015027,-73.8409,-129.0046,0,0,0,0,0,0
-73.8301,-129.1582,1,2015028,-73.8545,-129.0901,0,0,0,0,0,0
-73.8685,-129.1802,1,2015029,-73.8646,-129.1672,0,0,0,0,0,0
-73.8619,-129.3905,1,2015030,-73.87,-129.23,1,0,0,0,31,18
-73.8923,-129.4378,1,2015031,-73.8722,-129.2792,0,0,0,0,0,0
-73.8784,-129.4411,1,2015032,-73.8736,-129.3216,0,0,0,0,0,0
-73.886,-129.4656,1,2015033,-73.8747,-129.3596,0,0,0,0,0,0
-73.8781,-129.4423,1,2015034,-73.8756,-129.3958,0,0,0,0,0,0
-73.886,-129.4656,1,2015035,-73.8766,-129.433,0,0,0,0,0,0
-73.891,-129.4338,1,2015036,-73.878,-129.4735,0,0,0,0,0,0
-73.9124,-129.5888,1,2015037,-73.88,-129.52,1,0,0,0,31,18
-73.916,-129.6481,1,2015038,-73.8845,-129.5766,0,0,0,0,0,0
-73.9095,-129.6287,1,2015039,-73.8923,-129.6429,0,0,0,0,0,0
-73.9098,-129.77,1,2015040,-73.902,-129.7145,0,0,0,0,0,0
-73.8905,-129.948,1,2015041,-73.9121,-129.7873,0,0,0,0,0,0
-73.9338,-129.8458,1,2015042,-73.9211,-129.857,0,0,0,0,0,0
-73.9341,-129.8919,1,2015043,-73.9275,-129.9193,0,0,0,0,0,0
-73.9342,-129.939,1,2015044,-73.93,-129.97,1,0,0,0,31,18
-73.9265,-130.1039,1,2015045,-73.93,-130.0097,0,0,0,0,0,0
-73.9326,-130.0774,1,2015046,-73.93,-130.0433,0,0,0,0,0,0
-73.9391,-130.1913,1,2015047,-73.93,-130.073,0,0,0,0,0,0
-73.9503,-130.1804,1,2015048,-73.93,-130.1013,0,0,0,0,0,0
-73.9441,-130.254,1,2015049,-73.93,-130.1304,0,0,0,0,0,0
-73.976,-130.3536,1,2015050,-73.93,-130.1625,0,0,0,0,0,0
-73.9358,-130.5142,1,2015051,-73.93,-130.2,1,0,0,0,31,18
-73.9741,-130.5395,1,2015052,-73.9316,-130.2424,0,0,0,0,0,0
-73.9855,-130.575,1,2015053,-73.9362,-130.2881,0,0,0,0,0,0
-73.9532,-130.6648,1,2015054,-73.9429,-130.3375,0,0,0,0,0,0
-73.9655,-130.7528,1,2015055,-73.9513,-130.3909,0,0,0,0,0,0
-73.9642,-130.7486,1,2015056,-73.9607,-130.4489,0,0,0,0,0,0
-74.0027,-130.7735,1,2015057,-73.9705,-130.5118,0,0,0,0,0,0
-74.0074,-130.884,1,2015058,-73.98,-130.58,1,0,0,0,31,18
-74.0005,-131.006,1,2015059,-73.9917,-130.6699,0,0,0,0,0,0
-74.0311,-131.0083,1,2015060,-74.0072,-130.7878,0,0,0,0,0,0
-74.0568,-131.0877,1,2015061,-74.0244,-130.9196,0,0,0,0,0,0
-74.0484,-131.2057,1,2015062,-74.0413,-131.051,0,0,0,0,0,0
-74.0547,-131.1795,1,2015063,-74.0559,-131.1677,0,0,0,0,0,0
-74.0605,-131.2947,1,2015064,-74.0661,-131.2554,0,0,0,0,0,0
-74.0653,-131.3582,1,2015065,-74.07,-131.3,1,0,0,0,31,18
-74.0719,-131.2844,1,2015066,-74.07,-131.3173,0,0,0,0,0,0
-74.0524,-131.3652,1,2015067,-74.07,-131.3325,0,0,0,0,0,0
-74.0524,-131.3652,1,2015068,-74.07,-131.3454,0,0,0,0,0,0
-74.0521,-131.3663,1,2015069,-74.07,-131.3558,0,0,0,0,0,0
-74.0521,-131.3663,1,2015070,-74.07,-131.3636,0,0,0,0,0,0
-74.0518,-131.4138,1,2015071,-74.07,-131.3684,0,0,0,0,0,0
-74.0587,-131.339,1,2015072,-74.07,-131.37,1,0,0,0,31,18
-74.071,-131.4271,1,2015073,-74.0694,-131.3694,0,0,0,0,0,0
-74.0502,-131.457,1,2015074,-74.068,-131.368,0,0,0,0,0,0
-74.0644,-131.4543,1,2015075,-74.0661,-131.3661,0,0,0,0,0,0
-74.0886,-131.4837,1,2015076,-74.0639,-131.3639,0,0,0,0,0,0
-74.0697,-131.4228,1,2015077,-74.062,-131.362,0,0,0,0,0,0
-74.0697,-131.4228,1,2015078,-74.0606,-131.3606,0,0,0,0,0,0
-74.0442,-131.3892,1,2015079,-74.06,-131.36,1,0,0,0,31,18
-74.0383,-131.5156,1,2015080,-74.0606,-131.3602,0,0,0,0,0,0
-74.0562,-131.4783,1,2015081,-74.062,-131.3609,0,0,0,0,0,0
-74.0559,-131.5723,1,2015082,-74.0639,-131.3619,0,0,0,0,0,0
-74.0622,-131.5462,1,2015083,-74.0661,-131.3634,0,0,0,0,0,0
-74.0622,-131.5462,1,2015084,-74.068,-131.3652,0,0,0,0,0,0
-74.0622,-131.5462,1,2015085,-74.0694,-131.3674,0,0,0,0,0,0
-74.0622,-131.5462,1,2015086,-74.07,-131.37,1,0,0,0,31,18
-74.0622,-131.5462,1,2015087,-74.0678,-131.3869,0,0,0,0,0,0
-74.0622,-131.5462,1,2015088,-74.0621,-131.4261,0,0,0,0,0,0
-74.0622,-131.5462,1,2015089,-74.0543,-131.479,0,0,0,0,0,0
-74.0622,-131.5462,1,2015090,-74.0457,-131.5366,0,0,0,0,0,0
-74.0685,-131.5665,1,2015091,-74.0379,-131.5902,0,0,0,0,0,0
-74.0486,-131.648,1,2015092,-74.0322,-131.6309,0,0,0,0,0,0
-74.0486,-131.648,1,2015093,-74.03,-131.65,1,0,0,0,31,18
-74.0486,-131.648,1,2015094,-74.0311,-131.655,0,0,0,0,0,0
-74.0486,-131.648,1,2015095,-74.034,-131.6594,0,0,0,0,0,0
-74.0486,-131.648,1,2015096,-74.0379,-131.6631,0,0,0,0,0,0
-74.0486,-131.648,1,2015097,-74.0421,-131.666,0,0,0,0,0,0
-74.0486,-131.648,1,2015098,-74.046,-131.6682,0,0,0,0,0,0
-74.0486,-131.648,1,2015099,-74.0489,-131.6695,0,0,0,0,0,0
-74.0175,-131.499,1,2015100,-74.05,-131.67,1,0,0,0,31,18
-74.0122,-131.5304,1,2015101,-74.05,-131.67,0,0,0,0,0,0
-74.0122,-131.5304,1,2015102,-74.05,-131.67,0,0,0,0,0,0
-74.0052,-131.6049,1,2015103,-74.05,-131.67,0,0,0,0,0,0
-74.0052,-131.6049,1,2015104,-74.05,-131.67,0,0,0,0,0,0
-74.0052,-131.6049,1,2015105,-74.05,-131.67,0,0,0,0,0,0
-74.0052,-131.6049,1,2015106,-74.05,-131.67,0,0,0,0,0,0
-74.0052,-131.6049,1,2015107,-74.05,-131.67,1,0,0,0,31,18
-74.0052,-131.6049,1,2015108,-74.05,-131.67,0,0,0,0,0,0
-74.0052,-131.6049,1,2015109,-74.05,-131.67,0,0,0,0,0,0
-74.0338,-131.6676,1,2015110,-74.05,-131.67,0,0,0,0,0,0
-74.0338,-131.6676,1,2015111,-74.05,-131.67,0,0,0,0,0,0
-74.0338,-131.6676,1,2015112,-74.05,-131.67,0,0,0,0,0,0
-74.0338,-131.6676,1,2015113,-74.05,-131.67,0,0,0,0,0,0
-74.0338,-131.6676,1,2015114,-74.05,-131.67,1,0,0,0,31,18
-74.0608,-131.6674,1,2015115,-74.05,-131.67,0,0,0,0,0,0
-74.0608,-131.6674,1,2015116,-74.05,-131.67,0,0,0,0,0,0
-74.0608,-131.6674,1,2015117,-74.05,-131.67,0,0,0,0,0,0
-74.0608,-131.6674,1,2015118,-74.05,-131.67,0,0,0,0,0,0
-74.0608,-131.6674,1,2015119,-74.05,-131.67,0,0,0,0,0,0
-74.0608,-131.6674,1,2015120,-74.05,-131.67,0,0,0,0,0,0
-74.0608,-131.6674,1,2015121,-74.05,-131.67,1,0,0,0,31,18
-74.0608,-131.6674,1,2015122,-74.0489,-131.67,0,0,0,0,0,0
-74.0608,-131.6674,1,2015123,-74.046,-131.67,0,0,0,0,0,0
-74.0608,-131.6674,1,2015124,-74.0421,-131.67,0,0,0,0,0,0
-74.0608,-131.6674,1,2015125,-74.0379,-131.67,0,0,0,0,0,0
-74.0765,-131.7408,1,2015126,-74.034,-131.67,0,0,0,0,0,0
-74.0765,-131.7408,1,2015127,-74.0311,-131.67,0,0,0,0,0,0
-74.0372,-131.5698,1,2015128,-74.03,-131.67,1,0,0,0,31,18
-74.0372,-131.5698,1,2015129,-74.03,-131.67,0,0,0,0,0,0
-74.0372,-131.5698,1,2015130,-74.03,-131.67,0,0,0,0,0,0
-74.0372,-131.5698,1,2015131,-74.03,-131.67,0,0,0,0,0,0
-74.0372,-131.5698,1,2015132,-74.03,-131.67,0,0,0,0,0,0
-74.0372,-131.5698,1,2015133,-74.03,-131.67,0,0,0,0,0,0
-74.0372,-131.5698,1,2015134,-74.03,-131.67,0,0,0,0,0,0
-74.0372,-131.5698,1,2015135,-74.03,-131.67,1,0,0,0,31,18
-74.0372,-131.5698,1,2015136,-74.03,-131.67,0,0,0,0,0,0
-74.0372,-131.5698,1,2015137,-74.03,-131.67,0,0,0,0,0,0
-74.0372,-131.5698,1,2015138,-74.03,-131.67,0,0,0,0,0,0
-74.0372,-131.5698,1,2015139,-74.03,-131.67,0,0,0,0,0,0
-74.0372,-131.5698,0,2015140,-74.03,-131.67,0,0,0,0,0,0
-74.0372,-131.5698,1,2015141,-74.03,-131.67,0,0,0,0,0,0
-74.0372,-131.5698,1,2015142,-74.03,-131.67,1,0,0,0,31,18
-74.0372,-131.5698,1,2015143,-74.03,-131.67,0,0,0,0,0,0
-74.0372,-131.5698,1,2015144,-74.03,-131.67,0,0,0,0,0,0
-74.0372,-131.5698,1,2015145,-74.03,-131.67,0,0,0,0,0,0
-74.0429,-131.5882,0,2015146,-74.03,-131.67,0,0,0,0,0,0
-74.0486,-131.6066,1,2015147,-74.03,-131.67,0,0,0,0,0,0
-74.0486,-131.6066,1,2015148,-74.03,-131.67,0,0,0,0,0,0
-74.0486,-131.6066,1,2015149,-74.03,-131.67,1,0,0,0,31,18
-74.0486,-131.6066,1,2015150,-74.03,-131.67,0,0,0,0,0,0
-74.0486,-131.6066,1,2015151,-74.03,-131.67,0,0,0,0,0,0
-74.0486,-131.6066,1,2015152,-74.03,-131.67,0,0,0,0,0,0
-74.0486,-131.6066,1,2015153,-74.03,-131.67,0,0,0,0,0,0
-74.0486,-131.6066,1,2015154,-74.03,-131.67,0,0,0,0,0,0
-74.0486,-131.6066,1,2015155,-74.03,-131.67,0,0,0,0,0,0
-74.0486,-131.6066,1,2015156,-74.03,-131.67,1,0,0,0,31,18
-74.0486,-131.6066,1,2015157,-74.03,-131.67,0,0,0,0,0,0
-74.0486,-131.6066,1,2015158,-74.03,-131.67,0,0,0,0,0,0
-74.0486,-131.6066,1,2015159,-74.03,-131.67,0,0,0,0,0,0
-74.0486,-131.6066,1,2015160,-74.03,-131.67,0,0,0,0,0,0
-74.0486,-131.6066,1,2015161,-74.03,-131.67,0,0,0,0,0,0
-74.0486,-131.6066,1,2015162,-74.03,-131.67,0,0,0,0,0,0
-74.0486,-131.6066,1,2015163,-74.03,-131.67,1,0,0,0,31,18
-74.0247,-131.7041,1,2015164,-74.03,-131.67,0,0,0,0,0,0
-74.0247,-131.7041,1,2015165,-74.03,-131.67,0,0,0,0,0,0
-74.0247,-131.7041,1,2015166,-74.03,-131.67,0,0,0,0,0,0
-74.0247,-131.7041,1,2015167,-74.03,-131.67,0,0,0,0,0,0
-74.0247,-131.7041,1,2015168,-74.03,-131.67,0,0,0,0,0,0
-74.0247,-131.7041,1,2015169,-74.03,-131.67,0,0,0,0,0,0
-74.0484,-131.4965,1,2015170,-74.03,-131.67,1,0,0,0,31,18
-74.0484,-131.4965,0,2015171,-74.03,-131.67,0,0,0,0,0,0
-74.0484,-131.4965,1,2015172,-74.03,-131.67,0,0,0,0,0,0
-74.0484,-131.4965,1,2015173,-74.03,-131.67,0,0,0,0,0,0
-74.0628,-131.576,0,2015174,-74.03,-131.67,0,0,0,0,0,0
-74.0772,-131.6555,1,2015175,-74.03,-131.67,0,0,0,0,0,0
-74.0772,-131.6555,1,2015176,-74.03,-131.67,0,0,0,0,0,0
-74.0772,-131.6555,1,2015177,-74.03,-131.67,1,0,0,0,31,18
-74.0772,-131.6555,1,2015178,-74.03,-131.67,0,0,0,0,0,0
-74.0831,-131.6308,1,2015179,-74.03,-131.67,0,0,0,0,0,0
-74.0831,-131.6308,1,2015180,-74.03,-131.67,0,0,0,0,0,0
-74.0831,-131.6308,0,2015181,-74.03,-131.67,0,0,0,0,0,0
-74.0831,-131.6308,1,2015182,-74.03,-131.67,0,0,0,0,0,0
-74.0831,-131.6308,1,2015183,-74.03,-131.67,0,0,0,0,0,0
-74.0831,-131.6308,1,2015184,-74.03,-131.67,1,0,0,0,31,18
-74.0831,-131.6308,1,2015185,-74.03,-131.67,0,0,0,0,0,0
-74.0831,-131.6308,1,2015186,-74.03,-131.67,0,0,0,0,0,0
-74.0831,-131.6308,1,2015187,-74.03,-131.67,0,0,0,0,0,0
-74.0831,-131.6308,1,2015188,-74.03,-131.67,0,0,0,0,0,0
-74.0831,-131.6308,1,2015189,-74.03,-131.67,0,0,0,0,0,0
-74.0529,-131.5331,1,2015190,-74.03,-131.67,0,0,0,0,0,0
-74.0757,-131.6065,1,2015191,-74.03,-131.67,1,0,0,0,31,18
-74.0757,-131.6065,1,2015192,-74.03,-131.67,0,0,0,0,0,0
-74.0757,-131.6065,1,2015193,-74.03,-131.67,0,0,0,0,0,0
-74.0757,-131.6065,1,2015194,-74.03,-131.67,0,0,0,0,0,0
-74.0757,-131.6065,1,2015195,-74.03,-131.67,0,0,0,0,0,0
-74.0757,-131.6065,1,2015196,-74.03,-131.67,0,0,0,0,0,0
-74.0757,-131.6065,1,2015197,-74.03,-131.67,0,0,0,0,0,0
-74.0757,-131.6065,1,2015198,-74.03,-131.67,1,0,0,0,31,18
-74.0757,-131.6065,1,2015199,0,0,0,0,0,0,0,0
-74.0757,-131.6065,1,2015200,0,0,0,0,0,0,0,0
-74.0757,-131.6065,1,2015201,0,0,0,0,0,0,0,0
-74.0757,-131.6065,1,2015202,0,0,0,0,0,0,0,0
-74.0757,-131.6065,1,2015203,0,0,0,0,0,0,0,0
-74.0757,-131.6065,1,2015204,0,0,0,0,0,0,0,0
-74.0757,-131.6065,1,2015205,0,0,0,0,0,0,0,0
-74.0757,-131.6065,1,2015206,0,0,0,0,0,0,0,0
-74.0757,-131.6065,1,2015207,0,0,0,0,0,0,0,0
-74.0757,-131.6065,1,2015208,0,0,0,0,0,0,0,0
-74.0757,-131.6065,1,2015209,0,0,0,0,0,0,0,0
-74.0757,-131.6065,1,2015210,0,0,0,0,0,0,0,0
-74.0757,-131.6065,1,2015211,0,0,0,0,0,0,0,0
-74.0757,-131.6065,1,2015212,-74.02,-131.63,1,0,0,0,31,18
-74.0757,-131.6065,1,2015213,-74.02,-131.63,0,0,0,0,0,0
-74.0757,-131.6065,1,2015214,-74.02,-131.63,0,0,0,0,0,0
-74.0831,-131.6308,1,2015215,-74.02,-131.63,0,0,0,0,0,0
-74.0831,-131.6308,1,2015216,-74.02,-131.63,0,0,0,0,0,0
-74.0831,-131.6308,1,2015217,-74.02,-131.63,0,0,0,0,0,0
-74.0831,-131.6308,1,2015218,-74.02,-131.63,0,0,0,0,0,0
-74.0831,-131.6308,1,2015219,-74.02,-131.63,1,0,0,0,31,18
-74.0831,-131.6308,1,2015220,-74.02,-131.63,0,0,0,0,0,0
-74.0831,-131.6308,1,2015221,-74.02,-131.63,0,0,0,0,0,0
-74.0831,-131.6308,1,2015222,-74.02,-131.63,0,0,0,0,0,0
-74.0831,-131.6308,1,2015223,-74.02,-131.63,0,0,0,0,0,0
-74.0831,-131.6308,1,2015224,-74.02,-131.63,0,0,0,0,0,0
-74.068,-131.5819,1,2015225,-74.02,-131.63,0,0,0,0,0,0
-74.0665,-131.5332,1,2015226,-74.02,-131.63,1,0,0,0,31,18
-74.0665,-131.5332,1,2015227,0,0,0,0,0,0,0,0
-74.0665,-131.5332,1,2015228,0,0,0,0,0,0,0,0
-74.0665,-131.5332,0,2015229,0,0,0,0,0,0,0,0
-74.0665,-131.5332,1,2015230,0,0,0,0,0,0,0,0
-74.0665,-131.5332,1,2015231,0,0,0,0,0,0,0,0
-73.9839,-131.7279,1,2015232,0,0,0,0,0,0,0,0
-73.9839,-131.7279,1,2015233,0,0,0,0,0,0,0,0
-74.011,-131.6273,1,2015234,0,0,0,0,0,0,0,0
-74.011,-131.6273,1,2015235,0,0,0,0,0,0,0,0
-74.011,-131.6273,1,2015236,0,0,0,0,0,0,0,0
-74.011,-131.6273,1,2015237,0,0,0,0,0,0,0,0
-74.011,-131.6273,1,2015238,0,0,0,0,0,0,0,0
-74.011,-131.6273,1,2015239,0,0,0,0,0,0,0,0
-74.011,-131.6273,1,2015240,-74.02,-131.63,1,0,0,0,31,18
-74.011,-131.6273,1,2015241,0,0,0,0,0,0,0,0
-74.011,-131.6273,1,2015242,0,0,0,0,0,0,0,0
-74.011,-131.6273,1,2015243,0,0,0,0,0,0,0,0
-74.011,-131.6273,1,2015244,0,0,0,0,0,0,0,0
-74.011,-131.6273,1,2015245,0,0,0,0,0,0,0,0
-74.011,-131.6273,1,2015246,0,0,0,0,0,0,0,0
-74.011,-131.6273,1,2015247,0,0,0,0,0,0,0,0
-74.011,-131.6273,1,2015248,0,0,0,0,0,0,0,0
-74.011,-131.6273,1,2015249,0,0,0,0,0,0,0,0
-74.011,-131.6273,1,2015250,0,0,0,0,0,0,0,0
-74.011,-131.6273,1,2015251,0,0,0,0,0,0,0,0
-74.011,-131.6273,0,2015252,0,0,0,0,0,0,0,0
-74.011,-131.6273,1,2015253,0,0,0,0,0,0,0,0
-74.011,-131.6273,1,2015254,0,0,0,0,0,0,0,0
-74.011,-131.6273,1,2015255,0,0,0,0,0,0,0,0
-74.011,-131.6273,1,2015256,0,0,0,0,0,0,0,0
-74.011,-131.6273,1,2015257,0,0,0,0,0,0,0,0
-74.011,-131.6273,1,2015258,0,0,0,0,0,0,0,0
-74.0182,-131.5034,1,2015259,0,0,0,0,0,0,0,0
-74.0182,-131.5034,0,2015260,0,0,0,0,0,0,0,0
-74.0182,-131.5034,1,2015261,0,0,0,0,0,0,0,0
-74.0182,-131.5034,1,2015262,0,0,0,0,0,0,0,0
-74.0458,-131.2997,1,2015263,0,0,0,0,0,0,0,0
-74.0458,-131.2997,0,2015264,0,0,0,0,0,0,0,0
-74.0458,-131.2997,1,2015265,0,0,0,0,0,0,0,0
-74.0458,-131.2997,1,2015266,0,0,0,0,0,0,0,0
-74.0458,-131.2997,1,2015267,0,0,0,0,0,0,0,0
-74.046,-131.2986,1,2015268,0,0,0,0,0,0,0,0
-74.0314,-131.5902,1,2015269,0,0,0,0,0,0,0,0
-74.0228,-131.6615,1,2015270,0,0,0,0,0,0,0,0
-73.9781,-131.568,1,2015271,0,0,0,0,0,0,0,0
-73.9781,-131.568,0,2015272,0,0,0,0,0,0,0,0
-73.9781,-131.568,1,2015273,0,0,0,0,0,0,0,0
-73.9781,-131.568,1,2015274,0,0,0,0,0,0,0,0
-73.9781,-131.568,1,2015275,0,0,0,0,0,0,0,0
-73.9781,-131.568,1,2015276,0,0,0,0,0,0,0,0
-73.9781,-131.568,1,2015277,0,0,0,0,0,0,0,0
-73.9781,-131.568,1,2015278,0,0,0,0,0,0,0,0
-73.9781,-131.568,1,2015279,0,0,0,0,0,0,0,0
-73.9781,-131.568,0,2015280,0,0,0,0,0,0,0,0
-73.9781,-131.568,1,2015281,0,0,0,0,0,0,0,0
-73.9781,-131.568,1,2015282,0,0,0,0,0,0,0,0
-73.9408,-131.6412,1,2015283,0,0,0,0,0,0,0,0
-73.9408,-131.6412,1,2015284,0,0,0,0,0,0,0,0
-73.9408,-131.6412,1,2015285,0,0,0,0,0,0,0,0
-73.9408,-131.6412,0,2015286,0,0,0,0,0,0,0,0
-73.9408,-131.6412,1,2015287,0,0,0,0,0,0,0,0
-73.9408,-131.6412,1,2015288,0,0,0,0,0,0,0,0
-73.9408,-131.6412,1,2015289,0,0,0,0,0,0,0,0
-73.9408,-131.6412,1,2015290,0,0,0,0,0,0,0,0
-73.9408,-131.6412,1,2015291,0,0,0,0,0,0,0,0
-73.9408,-131.6412,1,2015292,0,0,0,0,0,0,0,0
-73.9408,-131.6412,1,2015293,0,0,0,0,0,0,0,0
-73.9408,-131.6412,1,2015294,0,0,0,0,0,0,0,0
-73.9272,-131.6067,1,2015295,0,0,0,0,0,0,0,0
-73.9272,-131.6067,1,2015296,0,0,0,0,0,0,0,0
-73.9272,-131.6067,1,2015297,0,0,0,0,0,0,0,0
-73.9272,-131.6067,1,2015298,0,0,0,0,0,0,0,0
-73.9272,-131.6067,1,2015299,0,0,0,0,0,0,0,0
-73.949,-131.5975,0,2015300,0,0,0,0,0,0,0,0
-73.9707,-131.5882,1,2015301,0,0,0,0,0,0,0,0
-73.9707,-131.5882,1,2015302,0,0,0,0,0,0,0,0
-73.9707,-131.5882,1,2015303,0,0,0,0,0,0,0,0
-73.9707,-131.5882,1,2015304,0,0,0,0,0,0,0,0
-73.9707,-131.5882,1,2015305,0,0,0,0,0,0,0,0
-73.9707,-131.5882,1,2015306,0,0,0,0,0,0,0,0
-73.9707,-131.5882,1,2015307,0,0,0,0,0,0,0,0
-73.9707,-131.5882,1,2015308,0,0,0,0,0,0,0,0
-73.9707,-131.5882,1,2015309,0,0,0,0,0,0,0,0
-73.9707,-131.5882,1,2015310,0,0,0,0,0,0,0,0
-73.9707,-131.5882,1,2015311,0,0,0,0,0,0,0,0
-73.9707,-131.5882,1,2015312,0,0,0,0,0,0,0,0
-73.9707,-131.5882,0,2015313,0,0,0,0,0,0,0,0
-73.9707,-131.5882,1,2015314,0,0,0,0,0,0,0,0
-73.9707,-131.5882,1,2015315,0,0,0,0,0,0,0,0
-73.9707,-131.5882,1,2015316,0,0,0,0,0,0,0,0
-73.9707,-131.5882,1,2015317,0,0,0,0,0,0,0,0
-73.9228,-131.6361,1,2015318,0,0,0,0,0,0,0,0
-73.8799,-131.6436,1,2015319,0,0,0,0,0,0,0,0
-73.8799,-131.6436,1,2015320,0,0,0,0,0,0,0,0
-73.893,-131.6327,1,2015321,0,0,0,0,0,0,0,0
-73.893,-131.6327,1,2015322,0,0,0,0,0,0,0,0
-73.893,-131.6327,1,2015323,0,0,0,0,0,0,0,0
-73.9104,-131.6227,0,2015324,0,0,0,0,0,0,0,0
-73.9278,-131.5958,1,2015325,0,0,0,0,0,0,0,0
-73.8787,-131.4918,1,2015326,0,0,0,0,0,0,0,0
-73.8787,-131.4918,1,2015327,0,0,0,0,0,0,0,0
-73.8646,-131.5913,1,2015328,0,0,0,0,0,0,0,0
-73.8646,-131.5913,1,2015329,0,0,0,0,0,0,0,0
-73.8646,-131.5913,1,2015330,0,0,0,0,0,0,0,0
-73.8646,-131.5913,1,2015331,0,0,0,0,0,0,0,0
-73.865,-131.6419,1,2015332,0,0,0,0,0,0,0,0
-73.865,-131.6419,1,2015333,0,0,0,0,0,0,0,0
-73.865,-131.6419,1,2015334,0,0,0,0,0,0,0,0
-73.865,-131.6419,1,2015335,0,0,0,0,0,0,0,0
-73.8025,-131.7379,1,2015336,0,0,0,0,0,0,0,0
-73.8025,-131.7379,1,2015337,0,0,0,0,0,0,0,0
-73.8025,-131.7379,1,2015338,0,0,0,0,0,0,0,0
-73.8025,-131.7379,1,2015339,0,0,0,0,0,0,0,0
-73.7265,-131.9797,1,2015340,0,0,0,0,0,0,0,0
-73.7265,-131.9797,0,2015341,0,0,0,0,0,0,0,0
-73.7265,-131.9797,1,2015342,0,0,0,0,0,0,0,0
-73.7265,-131.9797,1,2015343,0,0,0,0,0,0,0,0
-73.6767,-131.7159,1,2015344,0,0,0,0,0,0,0,0
-73.6767,-131.7159,1,2015345,0,0,0,0,0,0,0,0
-73.6585,-131.5122,1,2015346,0,0,0,0,0,0,0,0
-73.6585,-131.5122,1,2015347,0,0,0,0,0,0,0,0
-73.6585,-131.5122,0,2015348,0,0,0,0,0,0,0,0
-73.6585,-131.5122,1,2015349,0,0,0,0,0,0,0,0
-73.6585,-131.5122,1,2015350,0,0,0,0,0,0,0,0
-73.6585,-131.5122,1,2015351,0,0,0,0,0,0,0,0
-73.6624,-131.5281,1,2015352,0,0,0,0,0,0,0,0
-73.6624,-131.5281,1,2015353,0,0,0,0,0,0,0,0
-73.6624,-131.5281,1,2015354,0,0,0,0,0,0,0,0
-73.6624,-131.5281,1,2015355,0,0,0,0,0,0,0,0
-73.6624,-131.5281,1,2015356,0,0,0,0,0,0,0,0
-73.705,-131.4185,1,2015357,0,0,0,0,0,0,0,0
-73.705,-131.4185,1,2015358,0,0,0,0,0,0,0,0
-73.6997,-131.6979,1,2015359,0,0,0,0,0,0,0,0
-73.6997,-131.6979,1,2015360,0,0,0,0,0,0,0,0
-73.819,-131.4224,1,2015361,0,0,0,0,0,0,0,0
-73.819,-131.4224,1,2015362,0,0,0,0,0,0,0,0
-73.8195,-131.6383,1,2015363,0,0,0,0,0,0,0,0
-73.8811,-131.6072,1,2015364,0,0,0,0,0,0,0,0
-73.8858,-131.7568,1,2015365,0,0,0,0,0,0,0,0
-73.8858,-131.7568,0,2016001,0,0,0,0,0,0,0,0
-73.8858,-131.7568,1,2016002,0,0,0,0,0,0,0,0
-73.8858,-131.7568,1,2016003,0,0,0,0,0,0,0,0
-73.8539,-131.8004,1,2016004,0,0,0,0,0,0,0,0
-73.8539,-131.8004,1,2016005,0,0,0,0,0,0,0,0
-73.7822,-131.7678,1,2016006,0,0,0,0,0,0,0,0
-73.7614,-131.944,1,2016007,0,0,0,0,0,0,0,0
-73.7614,-131.944,1,2016008,0,0,0,0,0,0,0,0
-73.7614,-131.944,1,2016009,0,0,0,0,0,0,0,0
-73.7614,-131.944,1,2016010,0,0,0,0,0,0,0,0
-73.7614,-131.944,1,2016011,0,0,0,0,0,0,0,0
-73.7614,-131.944,1,2016012,0,0,0,0,0,0,0,0
-73.7614,-131.944,1,2016013,0,0,0,0,0,0,0,0
-73.8188,-132.0752,0,2016014,0,0,0,0,0,0,0,0
-73.8905,-132.3065,1,2016015,0,0,0,0,0,0,0,0
-73.9102,-132.5249,1,2016016,0,0,0,0,0,0,0,0
-73.8996,-132.637,1,2016017,0,0,0,0,0,0,0,0
-73.8575,-132.4201,0,2016018,0,0,0,0,0,0,0,0
-73.7932,-132.1845,1,2016019,0,0,0,0,0,0,0,0
-73.7241,-132.1622,1,2016020,0,0,0,0,0,0,0,0
-73.7241,-132.1622,1,2016021,0,0,0,0,0,0,0,0
-73.7241,-132.1622,1,2016022,0,0,0,0,0,0,0,0
-73.7241,-132.1622,1,2016023,0,0,0,0,0,0,0,0
-73.7241,-132.1622,1,2016024,0,0,0,0,0,0,0,0
-73.6683,-132.4219,1,2016025,0,0,0,0,0,0,0,0
-73.6683,-132.4219,1,2016026,0,0,0,0,0,0,0,0
-73.6711,-133.2655,1,2016027,0,0,0,0,0,0,0,0
-73.6564,-133.8046,1,2016028,0,0,0,0,0,0,0,0
-73.6961,-133.6264,1,2016029,0,0,0,0,0,0,0,0
-73.6961,-133.6264,1,2016030,0,0,0,0,0,0,0,0
-73.6313,-133.8668,1,2016031,0,0,0,0,0,0,0,0
-73.7783,-134.2615,1,2016032,0,0,0,0,0,0,0,0
-73.8325,-134.4548,1,2016033,0,0,0,0,0,0,0,0
-73.8325,-134.4548,1,2016034,0,0,0,0,0,0,0,0
-73.8683,-134.7369,1,2016035,0,0,0,0,0,0,0,0
-73.891,-134.9187,1,2016036,0,0,0,0,0,0,0,0
-73.9263,-135.046,1,2016037,0,0,0,0,0,0,0,0
-73.9263,-135.046,1,2016038,0,0,0,0,0,0,0,0
-73.9263,-135.046,1,2016039,0,0,0,0,0,0,0,0
-73.9933,-135.5013,1,2016040,0,0,0,0,0,0,0,0
-73.9933,-135.5013,1,2016041,0,0,0,0,0,0,0,0
-73.9933,-135.5013,1,2016042,0,0,0,0,0,0,0,0
-73.9933,-135.5013,1,2016043,0,0,0,0,0,0,0,0
-74.0435,-135.7905,1,2016044,0,0,0,0,0,0,0,0
-74.0363,-136.1353,1,2016045,0,0,0,0,0,0,0,0
-74.0363,-136.1353,1,2016046,0,0,0,0,0,0,0,0
-74.1067,-136.2872,1,2016047,0,0,0,0,0,0,0,0
-74.1067,-136.2872,1,2016048,0,0,0,0,0,0,0,0
-74.1278,-136.4263,1,2016049,0,0,0,0,0,0,0,0
-74.1887,-136.6614,1,2016050,0,0,0,0,0,0,0,0
-74.1887,-136.6614,1,2016051,0,0,0,0,0,0,0,0
-74.1887,-136.6614,1,2016052,0,0,0,0,0,0,0,0
-74.1832,-136.8048,1,2016053,0,0,0,0,0,0,0,0
-74.1832,-136.8048,1,2016054,0,0,0,0,0,0,0,0
-74.2589,-136.9323,1,2016055,0,0,0,0,0,0,0,0
-74.2279,-137.2019,1,2016056,0,0,0,0,0,0,0,0
-74.2279,-137.2019,1,2016057,0,0,0,0,0,0,0,0
-74.2279,-137.2019,1,2016058,0,0,0,0,0,0,0,0
-74.1578,-137.3043,1,2016059,0,0,0,0,0,0,0,0
-74.1578,-137.3043,1,2016060,0,0,0,0,0,0,0,0
-74.1578,-137.3043,1,2016061,0,0,0,0,0,0,0,0
-74.1578,-137.3043,1,2016062,0,0,0,0,0,0,0,0
-74.1578,-137.3043,1,2016063,0,0,0,0,0,0,0,0
-74.1578,-137.3043,1,2016064,0,0,0,0,0,0,0,0
-74.1578,-137.3043,1,2016065,0,0,0,0,0,0,0,0
-74.1578,-137.3043,1,2016066,0,0,0,0,0,0,0,0
-74.1578,-137.3043,1,2016067,0,0,0,0,0,0,0,0
-74.1578,-137.3043,0,2016068,0,0,0,0,0,0,0,0
-74.1578,-137.3043,1,2016069,0,0,0,0,0,0,0,0
-74.1578,-137.3043,1,2016070,0,0,0,0,0,0,0,0
-74.1578,-137.3043,1,2016071,0,0,0,0,0,0,0,0
-74.0321,-137.2411,1,2016072,0,0,0,0,0,0,0,0
-74.0557,-137.3817,1,2016073,0,0,0,0,0,0,0,0
-74.0181,-137.5636,1,2016074,0,0,0,0,0,0,0,0
-73.9615,-137.9383,1,2016075,0,0,0,0,0,0,0,0
-73.9719,-138.1943,1,2016076,0,0,0,0,0,0,0,0
-73.9719,-138.1943,1,2016077,0,0,0,0,0,0,0,0
-73.9775,-138.3806,1,2016078,0,0,0,0,0,0,0,0
-73.9408,-138.5069,1,2016079,0,0,0,0,0,0,0,0
-73.9408,-138.5069,1,2016080,0,0,0,0,0,0,0,0
-73.9183,-138.5787,1,2016081,0,0,0,0,0,0,0,0
-73.9233,-138.9322,1,2016082,0,0,0,0,0,0,0,0
-73.9584,-139.07,1,2016083,0,0,0,0,0,0,0,0
-73.9489,-139.2004,1,2016084,0,0,0,0,0,0,0,0
-73.9489,-139.2004,1,2016085,0,0,0,0,0,0,0,0
-73.9647,-139.3806,1,2016086,0,0,0,0,0,0,0,0
-73.9647,-139.3806,1,2016087,0,0,0,0,0,0,0,0
-73.9692,-139.5672,1,2016088,0,0,0,0,0,0,0,0
-73.9257,-139.6642,1,2016089,0,0,0,0,0,0,0,0
-73.9574,-139.9682,1,2016090,0,0,0,0,0,0,0,0
-73.9626,-140.1599,1,2016091,0,0,0,0,0,0,0,0
-73.9626,-140.1599,1,2016092,0,0,0,0,0,0,0,0
-73.9626,-140.1599,1,2016093,0,0,0,0,0,0,0,0
-73.9626,-140.1599,1,2016094,0,0,0,0,0,0,0,0
-73.9626,-140.1599,1,2016095,0,0,0,0,0,0,0,0
-73.977,-140.3969,1,2016096,0,0,0,0,0,0,0,0
-74.0032,-140.5079,1,2016097,0,0,0,0,0,0,0,0
-74.0233,-140.7728,1,2016098,0,0,0,0,0,0,0,0
-74.0233,-140.7728,1,2016099,0,0,0,0,0,0,0,0
-74.0345,-140.937,1,2016100,0,0,0,0,0,0,0,0
-74.0118,-141.0125,1,2016101,0,0,0,0,0,0,0,0
-74.0118,-141.0125,1,2016102,0,0,0,0,0,0,0,0
-74.0118,-141.0125,0,2016103,0,0,0,0,0,0,0,0
-74.0118,-141.0125,1,2016104,0,0,0,0,0,0,0,0
-73.9905,-141.2091,1,2016105,0,0,0,0,0,0,0,0
-73.9905,-141.2091,1,2016106,0,0,0,0,0,0,0,0
-74.0443,-141.3295,1,2016107,0,0,0,0,0,0,0,0
-74.1034,-141.6598,1,2016108,0,0,0,0,0,0,0,0
-74.1484,-141.8688,1,2016109,0,0,0,0,0,0,0,0
-74.1484,-141.8688,1,2016110,0,0,0,0,0,0,0,0
-74.1797,-142.1989,1,2016111,0,0,0,0,0,0,0,0
-74.197,-142.5236,1,2016112,0,0,0,0,0,0,0,0
-74.2162,-142.798,1,2016113,0,0,0,0,0,0,0,0
-74.2499,-143.2091,1,2016114,0,0,0,0,0,0,0,0
-74.2675,-143.3547,1,2016115,0,0,0,0,0,0,0,0
-74.279,-143.5151,0,2016116,0,0,0,0,0,0,0,0
-74.2936,-143.6761,1,2016117,0,0,0,0,0,0,0,0
-74.3365,-143.8238,1,2016118,0,0,0,0,0,0,0,0
-74.3365,-143.8238,1,2016119,0,0,0,0,0,0,0,0
-74.3465,-144.0078,1,2016120,0,0,0,0,0,0,0,0
-74.3465,-144.0078,1,2016121,0,0,0,0,0,0,0,0
-74.4113,-144.3364,1,2016122,0,0,0,0,0,0,0,0
-74.406,-144.432,0,2016123,0,0,0,0,0,0,0,0
-74.3945,-144.5117,1,2016124,0,0,0,0,0,0,0,0
-74.375,-144.6684,1,2016125,0,0,0,0,0,0,0,0
-74.337,-144.5315,1,2016126,0,0,0,0,0,0,0,0
-74.3689,-144.6319,1,2016127,0,0,0,0,0,0,0,0
-74.4671,-144.9512,1,2016128,0,0,0,0,0,0,0,0
-74.4846,-145.1162,1,2016129,0,0,0,0,0,0,0,0
-74.5095,-145.1826,1,2016130,0,0,0,0,0,0,0,0
-74.5091,-145.315,1,2016131,0,0,0,0,0,0,0,0
-74.5228,-145.3847,1,2016132,0,0,0,0,0,0,0,0
-74.5457,-145.5093,1,2016133,0,0,0,0,0,0,0,0
-74.5504,-145.6017,0,2016134,0,0,0,0,0,0,0,0
-74.5537,-145.686,0,2016135,0,0,0,0,0,0,0,0
-74.5555,-145.7474,0,2016136,0,0,0,0,0,0,0,0
-74.5561,-145.7712,1,2016137,0,0,0,0,0,0,0,0
-74.5561,-145.7712,1,2016138,0,0,0,0,0,0,0,0
-74.5989,-145.871,1,2016139,0,0,0,0,0,0,0,0
-74.6301,-145.9753,1,2016140,0,0,0,0,0,0,0,0
-74.6867,-146.0149,1,2016141,0,0,0,0,0,0,0,0
-74.7365,-146.231,1,2016142,0,0,0,0,0,0,0,0
-74.7657,-146.2616,1,2016143,0,0,0,0,0,0,0,0
-74.7647,-146.2982,0,2016144,0,0,0,0,0,0,0,0
-74.7636,-146.3199,1,2016145,0,0,0,0,0,0,0,0
-74.7636,-146.3199,1,2016146,0,0,0,0,0,0,0,0
-74.7379,-146.3848,1,2016147,0,0,0,0,0,0,0,0
-74.7107,-146.506,1,2016148,0,0,0,0,0,0,0,0
-74.6546,-146.4624,1,2016149,0,0,0,0,0,0,0,0
-74.6546,-146.4624,1,2016150,0,0,0,0,0,0,0,0
-74.6546,-146.4624,1,2016151,0,0,0,0,0,0,0,0
-74.5901,-146.441,1,2016152,0,0,0,0,0,0,0,0
-74.6111,-146.4152,1,2016153,0,0,0,0,0,0,0,0
-74.6111,-146.4152,1,2016154,0,0,0,0,0,0,0,0
-74.6111,-146.4152,1,2016155,0,0,0,0,0,0,0,0
-74.6344,-146.6184,1,2016156,0,0,0,0,0,0,0,0
-74.6344,-146.6184,1,2016157,0,0,0,0,0,0,0,0
-74.6823,-146.6818,1,2016158,0,0,0,0,0,0,0,0
-74.6823,-146.6818,1,2016159,0,0,0,0,0,0,0,0
-74.6823,-146.6818,1,2016160,0,0,0,0,0,0,0,0
-74.6423,-146.5979,1,2016161,0,0,0,0,0,0,0,0
-74.6294,-146.6202,0,2016162,0,0,0,0,0,0,0,0
-74.614,-146.6425,1,2016163,0,0,0,0,0,0,0,0
-74.5138,-146.4228,1,2016164,0,0,0,0,0,0,0,0
-74.4467,-146.1756,1,2016165,0,0,0,0,0,0,0,0
-74.1127,-146.3083,1,2016182,0,0,0,0,0,0,0,0
-74.1127,-146.3083,1,2016183,0,0,0,0,0,0,0,0
-74.0913,-146.5641,1,2016184,0,0,0,0,0,0,0,0
-74.0913,-146.5641,0,2016185,0,0,0,0,0,0,0,0
-74.0913,-146.5641,1,2016186,0,0,0,0,0,0,0,0
-74.0913,-146.5641,0,2016187,0,0,0,0,0,0,0,0
-74.0913,-146.5641,1,2016188,0,0,0,0,0,0,0,0
-74.2185,-146.3051,1,2016189,0,0,0,0,0,0,0,0
-74.2185,-146.3051,1,2016190,0,0,0,0,0,0,0,0
-74.3912,-146.3931,1,2016191,0,0,0,0,0,0,0,0
-74.4288,-146.4798,1,2016192,0,0,0,0,0,0,0,0
-74.5103,-146.873,1,2016193,0,0,0,0,0,0,0,0
-74.5367,-147.2153,0,2016194,0,0,0,0,0,0,0,0
-74.5508,-147.3968,1,2016195,0,0,0,0,0,0,0,0
-74.5579,-147.3614,1,2016196,0,0,0,0,0,0,0,0
-74.5535,-147.3543,0,2016197,0,0,0,0,0,0,0,0
-74.544,-147.3518,1,2016198,0,0,0,0,0,0,0,0
-74.5284,-147.4748,1,2016199,0,0,0,0,0,0,0,0
-74.5121,-147.5478,0,2016200,0,0,0,0,0,0,0,0
-74.4919,-147.6127,1,2016201,0,0,0,0,0,0,0,0
-74.4578,-147.6934,1,2016202,0,0,0,0,0,0,0,0
-74.4236,-147.7736,1,2016203,0,0,0,0,0,0,0,0
-74.3895,-147.8536,1,2016204,0,0,0,0,0,0,0,0
-74.43,-147.8011,1,2016205,0,0,0,0,0,0,0,0
-74.4641,-147.7209,1,2016206,0,0,0,0,0,0,0,0
-74.4982,-147.6403,1,2016207,0,0,0,0,0,0,0,0
-74.4788,-147.7931,0,2016208,0,0,0,0,0,0,0,0
-74.4589,-147.9879,1,2016209,0,0,0,0,0,0,0,0
-74.4584,-148.0474,1,2016210,0,0,0,0,0,0,0,0
-74.4834,-148.1655,0,2016211,0,0,0,0,0,0,0,0
-74.5084,-148.2703,1,2016212,0,0,0,0,0,0,0,0
-74.501,-148.3035,1,2016213,0,0,0,0,0,0,0,0
-74.4567,-148.2726,0,2016214,0,0,0,0,0,0,0,0
-74.3774,-148.2086,1,2016215,0,0,0,0,0,0,0,0
-74.2663,-148.1125,1,2016216,0,0,0,0,0,0,0,0
-74.3033,-148.179,1,2016217,0,0,0,0,0,0,0,0
-74.4017,-148.3392,1,2016218,0,0,0,0,0,0,0,0
-74.5446,-148.4067,1,2016219,0,0,0,0,0,0,0,0
-74.5862,-148.7516,1,2016220,0,0,0,0,0,0,0,0
-74.6839,-149.0628,1,2016221,0,0,0,0,0,0,0,0
-74.7531,-149.3561,1,2016222,0,0,0,0,0,0,0,0
-74.7077,-149.6012,1,2016223,0,0,0,0,0,0,0,0
-74.7406,-149.9597,1,2016224,0,0,0,0,0,0,0,0
-74.7465,-149.9205,1,2016225,0,0,0,0,0,0,0,0
-74.7075,-150.1324,1,2016226,0,0,0,0,0,0,0,0
-74.7199,-150.3661,1,2016227,0,0,0,0,0,0,0,0
-74.6894,-150.4389,0,2016228,0,0,0,0,0,0,0,0
-74.6589,-150.505,1,2016229,0,0,0,0,0,0,0,0
-74.6838,-150.6611,1,2016230,0,0,0,0,0,0,0,0
-74.745,-150.9122,0,2016231,0,0,0,0,0,0,0,0
-74.8238,-151.1355,1,2016232,0,0,0,0,0,0,0,0
-74.8943,-151.2295,1,2016233,0,0,0,0,0,0,0,0
-74.9492,-151.291,1,2016234,0,0,0,0,0,0,0,0
-75.0342,-151.6137,0,2016235,0,0,0,0,0,0,0,0
-75.1409,-152.002,1,2016236,0,0,0,0,0,0,0,0
-75.2681,-152.1797,1,2016237,0,0,0,0,0,0,0,0
-75.2615,-152.226,0,2016238,0,0,0,0,0,0,0,0
-75.2548,-152.2663,1,2016239,0,0,0,0,0,0,0,0
-75.291,-152.3631,1,2016240,0,0,0,0,0,0,0,0
-75.3506,-152.463,1,2016241,0,0,0,0,0,0,0,0
-75.3701,-152.353,1,2016242,0,0,0,0,0,0,0,0
-75.3911,-152.4582,0,2016243,0,0,0,0,0,0,0,0
-75.4223,-152.6685,1,2016244,0,0,0,0,0,0,0,0
-75.5056,-152.955,1,2016245,0,0,0,0,0,0,0,0
-75.4941,-153.0458,0,2016246,0,0,0,0,0,0,0,0
-75.4695,-153.131,1,2016247,0,0,0,0,0,0,0,0
-75.4288,-153.3498,1,2016248,0,0,0,0,0,0,0,0
-75.4338,-153.3828,1,2016249,0,0,0,0,0,0,0,0
-75.4278,-153.3893,0,2016250,0,0,0,0,0,0,0,0
-75.4119,-153.3916,1,2016251,0,0,0,0,0,0,0,0
-75.3533,-153.2862,1,2016252,0,0,0,0,0,0,0,0
-75.3401,-153.1763,1,2016253,0,0,0,0,0,0,0,0
-75.3436,-153.2039,1,2016254,0,0,0,0,0,0,0,0
-75.3318,-153.2516,0,2016255,0,0,0,0,0,0,0,0
-75.3077,-153.2834,1,2016256,0,0,0,0,0,0,0,0
-75.2721,-153.2689,1,2016257,0,0,0,0,0,0,0,0
-75.2488,-153.2669,0,2016258,0,0,0,0,0,0,0,0
-75.2264,-153.2662,1,2016259,0,0,0,0,0,0,0,0
-75.1952,-153.2855,1,2016260,0,0,0,0,0,0,0,0
-75.216,-153.448,1,2016261,0,0,0,0,0,0,0,0
-75.1722,-153.4651,1,2016262,0,0,0,0,0,0,0,0
-75.1756,-153.4683,0,2016263,0,0,0,0,0,0,0,0
-75.1821,-153.4697,0,2016264,0,0,0,0,0,0,0,0
-75.1855,-153.4733,1,2016265,0,0,0,0,0,0,0,0
-75.1217,-153.5133,1,2016266,0,0,0,0,0,0,0,0
-75.096,-153.4794,1,2016267,0,0,0,0,0,0,0,0
-75.0995,-153.5066,1,2016268,0,0,0,0,0,0,0,0
-75.1175,-153.6474,1,2016269,0,0,0,0,0,0,0,0
-75.0807,-153.8094,1,2016270,0,0,0,0,0,0,0,0
-75.082,-153.7234,1,2016271,0,0,0,0,0,0,0,0
-75.082,-153.7234,1,2016272,0,0,0,0,0,0,0,0
-75.0175,-153.8466,1,2016273,0,0,0,0,0,0,0,0
-74.9464,-153.8155,1,2016274,0,0,0,0,0,0,0,0
-74.9547,-153.8746,1,2016275,0,0,0,0,0,0,0,0
-74.9343,-153.892,0,2016276,0,0,0,0,0,0,0,0
-74.8908,-153.9124,1,2016277,0,0,0,0,0,0,0,0
-74.8183,-154.0479,1,2016278,0,0,0,0,0,0,0,0
-74.793,-154.1346,0,2016279,0,0,0,0,0,0,0,0
-74.7725,-154.2142,1,2016280,0,0,0,0,0,0,0,0
-74.7403,-154.3139,1,2016281,0,0,0,0,0,0,0,0
-74.7039,-154.3802,1,2016282,0,0,0,0,0,0,0,0
-74.7105,-154.3567,0,2016283,0,0,0,0,0,0,0,0
-74.7281,-154.2954,1,2016284,0,0,0,0,0,0,0,0
-74.7938,-154.0934,1,2016285,0,0,0,0,0,0,0,0
-74.8268,-154.0032,0,2016286,0,0,0,0,0,0,0,0
-74.8507,-153.9418,0,2016287,0,0,0,0,0,0,0,0
-74.8898,-153.8731,1,2016288,0,0,0,0,0,0,0,0
-75.0013,-153.7784,1,2016289,0,0,0,0,0,0,0,0
-75.0719,-153.9018,1,2016290,0,0,0,0,0,0,0,0
-75.0699,-153.9481,0,2016291,0,0,0,0,0,0,0,0
-75.0678,-153.9669,1,2016292,0,0,0,0,0,0,0,0
-75.0678,-153.9669,1,2016293,0,0,0,0,0,0,0,0
-75.0741,-154.0511,0,2016294,0,0,0,0,0,0,0,0
-75.0889,-154.1352,1,2016295,0,0,0,0,0,0,0,0
-75.1233,-153.9529,1,2016296,0,0,0,0,0,0,0,0
-75.1553,-153.7582,1,2016297,0,0,0,0,0,0,0,0
-75.1304,-153.9314,1,2016298,0,0,0,0,0,0,0,0
-75.0133,-153.9039,1,2016299,0,0,0,0,0,0,0,0
-74.9665,-153.5648,0,2016300,0,0,0,0,0,0,0,0
-74.9327,-153.1785,1,2016301,0,0,0,0,0,0,0,0
-74.8972,-153.0837,1,2016302,0,0,0,0,0,0,0,0
-74.8924,-152.9607,1,2016303,0,0,0,0,0,0,0,0
-74.874,-152.8229,1,2016304,0,0,0,0,0,0,0,0
-74.8457,-152.6769,0,2016305,0,0,0,0,0,0,0,0
-74.7968,-152.5941,1,2016306,0,0,0,0,0,0,0,0
-74.6506,-152.6189,1,2016307,0,0,0,0,0,0,0,0
-74.5018,-152.3637,1,2016308,0,0,0,0,0,0,0,0
-74.3966,-152.505,1,2016309,0,0,0,0,0,0,0,0
-74.3581,-152.3781,1,2016310,0,0,0,0,0,0,0,0
-74.3122,-152.2181,1,2016311,0,0,0,0,0,0,0,0
-74.2834,-152.2502,0,2016312,0,0,0,0,0,0,0,0
-74.2566,-152.3107,1,2016313,0,0,0,0,0,0,0,0
-74.2209,-152.3796,1,2016314,0,0,0,0,0,0,0,0
-74.1758,-152.5455,1,2016315,0,0,0,0,0,0,0,0
-74.1702,-152.4604,0,2016316,0,0,0,0,0,0,0,0
-74.1648,-152.3752,1,2016317,0,0,0,0,0,0,0,0
-74.1256,-152.5936,1,2016318,0,0,0,0,0,0,0,0
-74.1051,-152.5988,0,2016319,0,0,0,0,0,0,0,0
-74.0824,-152.6036,1,2016320,0,0,0,0,0,0,0,0
-74.024,-152.6743,1,2016321,0,0,0,0,0,0,0,0
-74.0151,-152.7461,0,2016322,0,0,0,0,0,0,0,0
-74.0061,-152.7863,1,2016323,0,0,0,0,0,0,0,0
-73.9443,-152.5098,1,2016324,0,0,0,0,0,0,0,0
-73.8712,-152.3195,1,2016325,0,0,0,0,0,0,0,0
-73.8569,-152.3694,0,2016326,0,0,0,0,0,0,0,0
-73.8519,-152.4193,1,2016327,0,0,0,0,0,0,0,0
-73.8519,-152.4193,1,2016328,0,0,0,0,0,0,0,0
-73.8519,-152.4193,1,2016329,0,0,0,0,0,0,0,0
-73.8295,-152.2663,1,2016330,0,0,0,0,0,0,0,0
-73.8107,-152.1385,1,2016331,0,0,0,0,0,0,0,0
-73.8138,-152.4758,1,2016332,0,0,0,0,0,0,0,0
-73.7575,-152.4015,1,2016333,0,0,0,0,0,0,0,0
-73.7842,-152.4996,1,2016334,0,0,0,0,0,0,0,0
-73.7774,-152.4499,0,2016335,0,0,0,0,0,0,0,0
-73.7582,-152.4003,1,2016336,0,0,0,0,0,0,0,0
-73.6664,-152.5633,1,2016337,0,0,0,0,0,0,0,0
-73.6459,-152.4857,1,2016338,0,0,0,0,0,0,0,0
-73.6273,-152.3591,1,2016339,0,0,0,0,0,0,0,0
-73.6273,-152.3591,0,2016340,0,0,0,0,0,0,0,0
-73.6273,-152.3591,1,2016341,0,0,0,0,0,0,0,0
-73.5483,-152.765,1,2016342,0,0,0,0,0,0,0,0
-73.5282,-153.0063,1,2016343,0,0,0,0,0,0,0,0
-73.5282,-153.0063,0,2016344,0,0,0,0,0,0,0,0
-73.5282,-153.0063,1,2016345,0,0,0,0,0,0,0,0
-73.5282,-153.0063,1,2016346,0,0,0,0,0,0,0,0
-73.544,-153.1856,1,2016347,0,0,0,0,0,0,0,0
-73.544,-153.1856,1,2016348,0,0,0,0,0,0,0,0
-73.544,-153.1856,1,2016349,0,0,0,0,0,0,0,0
-73.5091,-153.3269,1,2016350,0,0,0,0,0,0,0,0
-73.488,-153.2843,1,2016351,0,0,0,0,0,0,0,0
-73.4982,-153.4257,1,2016352,0,0,0,0,0,0,0,0
-73.466,-153.4817,1,2016353,0,0,0,0,0,0,0,0
-73.4756,-153.5838,1,2016354,0,0,0,0,0,0,0,0
-73.4398,-153.6851,1,2016355,0,0,0,0,0,0,0,0
-73.5034,-153.8517,1,2016356,0,0,0,0,0,0,0,0
-73.5034,-153.8517,1,2016357,0,0,0,0,0,0,0,0
-73.5037,-153.89,1,2016358,0,0,0,0,0,0,0,0
-73.4869,-154.274,1,2016359,0,0,0,0,0,0,0,0
-73.4869,-154.274,1,2016360,0,0,0,0,0,0,0,0
-73.4879,-153.9555,1,2016361,0,0,0,0,0,0,0,0
-73.4935,-154.1046,1,2016362,0,0,0,0,0,0,0,0
-73.4935,-154.1046,1,2016363,0,0,0,0,0,0,0,0
-73.4935,-154.1046,1,2016364,0,0,0,0,0,0,0,0
-73.4935,-154.1046,1,2016365,0,0,0,0,0,0,0,0
-73.4935,-154.1046,1,2016366,0,0,0,0,0,0,0,0
-73.4935,-154.1046,1,2017001,0,0,0,0,0,0,0,0
-73.4935,-154.1046,1,2017002,0,0,0,0,0,0,0,0
-73.4935,-154.1046,0,2017003,0,0,0,0,0,0,0,0
-73.4935,-154.1046,1,2017004,0,0,0,0,0,0,0,0
-73.4935,-154.1046,1,2017005,0,0,0,0,0,0,0,0
-73.4935,-154.1046,0,2017006,0,0,0,0,0,0,0,0
-73.4935,-154.1046,1,2017007,0,0,0,0,0,0,0,0
-73.4935,-154.1046,1,2017008,0,0,0,0,0,0,0,0
-73.5961,-154.602,1,2017009,0,0,0,0,0,0,0,0
-73.5961,-154.602,0,2017010,0,0,0,0,0,0,0,0
-73.5961,-154.602,1,2017011,0,0,0,0,0,0,0,0
-73.5961,-154.602,1,2017012,0,0,0,0,0,0,0,0
-73.5961,-154.602,1,2017013,0,0,0,0,0,0,0,0
-73.6296,-154.742,1,2017014,0,0,0,0,0,0,0,0
-73.6296,-154.742,1,2017015,0,0,0,0,0,0,0,0
-73.6296,-154.742,1,2017016,0,0,0,0,0,0,0,0
-73.6296,-154.742,1,2017017,0,0,0,0,0,0,0,0
-73.6296,-154.742,1,2017018,0,0,0,0,0,0,0,0
-73.5302,-154.9449,0,2017019,0,0,0,0,0,0,0,0
-73.4308,-155.1478,1,2017020,0,0,0,0,0,0,0,0
-73.4308,-155.1478,1,2017021,0,0,0,0,0,0,0,0
-73.4308,-155.1478,1,2017022,0,0,0,0,0,0,0,0
-73.5347,-155.4088,1,2017023,0,0,0,0,0,0,0,0
-73.5347,-155.4088,1,2017024,0,0,0,0,0,0,0,0
-73.5347,-155.4088,1,2017025,0,0,0,0,0,0,0,0
-73.5347,-155.4088,1,2017026,0,0,0,0,0,0,0,0
-73.6818,-155.2871,1,2017027,0,0,0,0,0,0,0,0
-73.6818,-155.2871,0,2017028,0,0,0,0,0,0,0,0
-73.6818,-155.2871,1,2017029,0,0,0,0,0,0,0,0
-73.6818,-155.2871,1,2017030,0,0,0,0,0,0,0,0
-73.6823,-155.2577,0,2017031,0,0,0,0,0,0,0,0
-73.6836,-155.1818,0,2017032,0,0,0,0,0,0,0,0
-73.6854,-155.0781,0,2017033,0,0,0,0,0,0,0,0
-73.6874,-154.9651,0,2017034,0,0,0,0,0,0,0,0
-73.6892,-154.8614,0,2017035,0,0,0,0,0,0,0,0
-73.6905,-154.7855,0,2017036,0,0,0,0,0,0,0,0
-73.691,-154.7561,1,2017037,0,0,0,0,0,0,0,0
-73.691,-154.7561,1,2017038,0,0,0,0,0,0,0,0
-73.7492,-154.8985,1,2017039,0,0,0,0,0,0,0,0
-73.721,-155.0246,1,2017040,0,0,0,0,0,0,0,0
-73.7318,-155.0892,0,2017041,0,0,0,0,0,0,0,0
-73.7519,-155.1358,0,2017042,0,0,0,0,0,0,0,0
-73.7627,-155.1538,1,2017043,0,0,0,0,0,0,0,0
-73.7627,-155.1538,1,2017044,0,0,0,0,0,0,0,0
-73.7332,-155.0035,1,2017045,0,0,0,0,0,0,0,0
-73.7332,-155.0035,1,2017046,0,0,0,0,0,0,0,0
-73.7332,-155.0035,1,2017047,0,0,0,0,0,0,0,0
-73.6635,-155.0006,1,2017048,0,0,0,0,0,0,0,0
-73.6635,-155.0006,1,2017049,0,0,0,0,0,0,0,0
-73.6635,-155.0006,1,2017050,0,0,0,0,0,0,0,0
-73.6635,-155.0006,1,2017051,0,0,0,0,0,0,0,0
-73.6603,-155.1251,1,2017052,0,0,0,0,0,0,0,0
-73.6277,-155.1783,1,2017053,0,0,0,0,0,0,0,0
-73.6277,-155.1783,0,2017054,0,0,0,0,0,0,0,0
-73.6277,-155.1783,1,2017055,0,0,0,0,0,0,0,0
-73.6277,-155.1783,1,2017056,0,0,0,0,0,0,0,0
-73.6277,-155.1783,1,2017057,0,0,0,0,0,0,0,0
-73.6277,-155.1783,1,2017058,0,0,0,0,0,0,0,0
-73.6277,-155.1783,1,2017059,0,0,0,0,0,0,0,0
-73.6277,-155.1783,1,2017060,0,0,0,0,0,0,0,0
-73.6277,-155.1783,1,2017061,0,0,0,0,0,0,0,0
-73.6277,-155.1783,1,2017062,0,0,0,0,0,0,0,0
-73.6277,-155.1783,1,2017063,0,0,0,0,0,0,0,0
-73.6277,-155.1783,1,2017064,0,0,0,0,0,0,0,0
-73.6277,-155.1783,1,2017065,0,0,0,0,0,0,0,0
-73.6277,-155.1783,0,2017066,0,0,0,0,0,0,0,0
-73.6277,-155.1783,1,2017067,0,0,0,0,0,0,0,0
-73.6277,-155.1783,1,2017068,0,0,0,0,0,0,0,0
-73.6277,-155.1783,1,2017069,0,0,0,0,0,0,0,0
-73.6277,-155.1783,1,2017070,0,0,0,0,0,0,0,0
-73.6277,-155.1783,1,2017071,0,0,0,0,0,0,0,0
-73.6277,-155.1783,1,2017072,0,0,0,0,0,0,0,0
-73.5334,-155.1751,1,2017073,0,0,0,0,0,0,0,0
-73.5334,-155.1751,1,2017074,0,0,0,0,0,0,0,0
-73.5334,-155.1751,1,2017075,0,0,0,0,0,0,0,0
-73.5334,-155.1751,1,2017076,0,0,0,0,0,0,0,0
-73.5334,-155.1751,1,2017077,0,0,0,0,0,0,0,0
-73.5334,-155.1751,1,2017078,0,0,0,0,0,0,0,0
-73.5334,-155.1751,1,2017079,0,0,0,0,0,0,0,0
-73.5334,-155.1751,1,2017080,0,0,0,0,0,0,0,0
-73.5334,-155.1751,1,2017081,0,0,0,0,0,0,0,0
-73.518,-155.3573,1,2017082,0,0,0,0,0,0,0,0
-73.518,-155.3573,1,2017083,0,0,0,0,0,0,0,0
-73.518,-155.3573,1,2017084,0,0,0,0,0,0,0,0
-73.518,-155.3573,1,2017085,0,0,0,0,0,0,0,0
-73.518,-155.3573,0,2017086,0,0,0,0,0,0,0,0
-73.518,-155.3573,1,2017087,0,0,0,0,0,0,0,0
-73.518,-155.3573,1,2017088,0,0,0,0,0,0,0,0
-73.518,-155.3573,1,2017089,0,0,0,0,0,0,0,0
-73.518,-155.3573,1,2017090,0,0,0,0,0,0,0,0
-73.518,-155.3573,1,2017091,0,0,0,0,0,0,0,0
-73.457,-155.5328,1,2017092,0,0,0,0,0,0,0,0
-73.421,-155.9391,1,2017093,0,0,0,0,0,0,0,0
-73.4988,-155.8544,1,2017094,0,0,0,0,0,0,0,0
-73.4988,-155.8544,1,2017095,0,0,0,0,0,0,0,0
-73.4988,-155.8544,1,2017096,0,0,0,0,0,0,0,0
-73.4988,-155.8544,1,2017097,0,0,0,0,0,0,0,0
-73.4988,-155.8544,1,2017098,0,0,0,0,0,0,0,0
-73.47,-156.0938,1,2017099,0,0,0,0,0,0,0,0
-73.47,-156.0938,0,2017100,0,0,0,0,0,0,0,0
-73.47,-156.0938,1,2017101,0,0,0,0,0,0,0,0
-73.47,-156.0938,1,2017102,0,0,0,0,0,0,0,0
-73.47,-156.0938,1,2017103,0,0,0,0,0,0,0,0
-73.47,-156.0938,1,2017104,0,0,0,0,0,0,0,0
-73.47,-156.0938,1,2017105,0,0,0,0,0,0,0,0
-73.47,-156.0938,1,2017106,0,0,0,0,0,0,0,0
-73.4738,-156.3394,0,2017107,0,0,0,0,0,0,0,0
-73.4775,-156.585,1,2017108,0,0,0,0,0,0,0,0
-73.4775,-156.585,1,2017109,0,0,0,0,0,0,0,0
-73.4775,-156.585,1,2017110,0,0,0,0,0,0,0,0
-73.4789,-156.7754,0,2017111,0,0,0,0,0,0,0,0
-73.4802,-156.9658,1,2017112,0,0,0,0,0,0,0,0
-73.4802,-156.9658,1,2017113,0,0,0,0,0,0,0,0
-73.5153,-157.298,1,2017114,0,0,0,0,0,0,0,0
-73.5153,-157.298,1,2017115,0,0,0,0,0,0,0,0
-73.5153,-157.298,0,2017116,0,0,0,0,0,0,0,0
-73.5153,-157.298,1,2017117,0,0,0,0,0,0,0,0
-73.6098,-157.8247,1,2017118,0,0,0,0,0,0,0,0
-73.6098,-157.8247,1,2017119,0,0,0,0,0,0,0,0
-73.6098,-157.8247,1,2017120,0,0,0,0,0,0,0,0
-73.7063,-158.3935,1,2017121,0,0,0,0,0,0,0,0
-73.7063,-158.3935,0,2017122,0,0,0,0,0,0,0,0
-73.7063,-158.3935,1,2017123,0,0,0,0,0,0,0,0
-73.7063,-158.3935,1,2017124,0,0,0,0,0,0,0,0
-73.7063,-158.3935,1,2017125,0,0,0,0,0,0,0,0
-73.7063,-158.3935,1,2017126,0,0,0,0,0,0,0,0
-73.7063,-158.3935,1,2017127,0,0,0,0,0,0,0,0
-73.7063,-158.3935,0,2017128,0,0,0,0,0,0,0,0
-73.7063,-158.3935,1,2017129,0,0,0,0,0,0,0,0
-73.7063,-158.3935,1,2017130,0,0,0,0,0,0,0,0
-73.7596,-158.3716,1,2017131,0,0,0,0,0,0,0,0
-73.7596,-158.3716,0,2017132,0,0,0,0,0,0,0,0
-73.7596,-158.3716,1,2017133,0,0,0,0,0,0,0,0
-73.7596,-158.3716,1,2017134,0,0,0,0,0,0,0,0
-73.7596,-158.3716,1,2017135,0,0,0,0,0,0,0,0
-73.6449,-158.3398,1,2017136,0,0,0,0,0,0,0,0
-73.6449,-158.3398,1,2017137,0,0,0,0,0,0,0,0
-73.6449,-158.3398,0,2017138,0,0,0,0,0,0,0,0
-73.6449,-158.3398,1,2017139,0,0,0,0,0,0,0,0
-73.6463,-158.5693,0,2017140,0,0,0,0,0,0,0,0
-73.6476,-158.7987,1,2017141,0,0,0,0,0,0,0,0
-73.6476,-158.7987,1,2017142,0,0,0,0,0,0,0,0
-73.6476,-158.7987,1,2017143,0,0,0,0,0,0,0,0
-73.6476,-158.7987,1,2017144,0,0,0,0,0,0,0,0
-73.7156,-159.2048,1,2017145,0,0,0,0,0,0,0,0
-73.6742,-159.3428,0,2017146,0,0,0,0,0,0,0,0
-73.5918,-159.484,1,2017147,0,0,0,0,0,0,0,0
-73.4812,-159.9317,1,2017148,0,0,0,0,0,0,0,0
-73.5321,-159.8655,1,2017149,0,0,0,0,0,0,0,0
-73.4554,-160.0018,1,2017150,0,0,0,0,0,0,0,0
-73.3813,-160.0207,1,2017151,0,0,0,0,0,0,0,0
