year,month,extent,area,date,ice_efficiency
1978,11,15.9,11.69,1978-11-01,0.7352201257861635
1978,12,10.4,6.97,1978-12-01,0.6701923076923076
1979,1,5.4,3.47,1979-01-01,0.6425925925925926
1979,2,3.14,2.11,1979-02-01,0.6719745222929936
1979,3,4.0,2.66,1979-03-01,0.665
1979,4,7.49,5.45,1979-04-01,0.7276368491321762
1979,5,10.83,8.3,1979-05-01,0.7663896583564174
1979,6,14.19,11.22,1979-06-01,0.7906976744186047
1979,7,16.52,13.26,1979-07-01,0.8026634382566586
1979,8,17.7,13.79,1979-08-01,0.7790960451977401
1979,9,18.2,14.29,1979-09-01,0.7851648351648352
1979,10,17.82,13.72,1979-10-01,0.7699214365881033
1979,11,15.34,11.32,1979-11-01,0.7379400260756194
1979,12,9.24,6.24,1979-12-01,0.6753246753246753
1980,1,4.56,3.08,1980-01-01,0.6754385964912282
1980,2,2.82,1.85,1980-02-01,0.6560283687943264
1980,3,3.29,2.11,1980-03-01,0.6413373860182371
1980,4,5.4,3.68,1980-04-01,0.6814814814814815
1980,5,8.86,6.44,1980-05-01,0.72686230248307
1980,6,12.49,9.58,1980-06-01,0.767013610888711
1980,7,15.56,12.18,1980-07-01,0.7827763496143958
1980,8,17.81,13.96,1980-08-01,0.7838293093767548
1980,9,18.82,14.87,1980-09-01,0.7901168969181721
1980,10,18.57,14.57,1980-10-01,0.7845988152934841
1980,11,16.13,11.84,1980-11-01,0.7340359578425295
1980,12,10.16,6.56,1980-12-01,0.6456692913385826
1981,1,4.41,2.84,1981-01-01,0.6439909297052153
1981,2,2.87,1.74,1981-02-01,0.6062717770034843
1981,3,3.39,2.16,1981-03-01,0.6371681415929203
1981,4,5.84,4.07,1981-04-01,0.6969178082191781
1981,5,9.35,7.08,1981-05-01,0.7572192513368984
1981,6,13.11,10.16,1981-06-01,0.774980930587338
1981,7,16.04,12.78,1981-07-01,0.7967581047381547
1981,8,17.74,14.16,1981-08-01,0.7981961668545661
1981,9,18.6,14.78,1981-09-01,0.7946236559139784
1981,10,18.29,14.43,1981-10-01,0.7889557135046473
1981,11,16.11,12.07,1981-11-01,0.7492240844196152
1981,12,10.89,7.02,1981-12-01,0.6446280991735537
1982,1,5.26,3.25,1982-01-01,0.6178707224334601
1982,2,3.13,1.86,1982-02-01,0.5942492012779553
1982,3,4.29,2.84,1982-03-01,0.662004662004662
1982,4,7.72,5.79,1982-04-01,0.75
1982,5,10.76,8.27,1982-05-01,0.7685873605947955
1982,6,13.42,10.5,1982-06-01,0.7824143070044709
1982,7,15.87,12.47,1982-07-01,0.7857592942659106
1982,8,17.79,14.28,1982-08-01,0.8026981450252951
1982,9,18.35,14.53,1982-09-01,0.791825613079019
1982,10,17.79,13.74,1982-10-01,0.7723440134907251
1982,11,15.54,11.27,1982-11-01,0.7252252252252253
1982,12,9.22,6.31,1982-12-01,0.6843817787418655
1983,1,4.77,3.21,1983-01-01,0.6729559748427674
1983,2,3.07,1.91,1983-02-01,0.6221498371335505
1983,3,4.02,2.62,1983-03-01,0.6517412935323385
1983,4,6.47,4.7,1983-04-01,0.7264296754250387
1983,5,9.53,7.16,1983-05-01,0.7513116474291711
1983,6,12.64,9.77,1983-06-01,0.7729430379746834
1983,7,15.47,12.37,1983-07-01,0.799612152553329
1983,8,17.25,13.84,1983-08-01,0.8023188405797101
1983,9,18.59,14.68,1983-09-01,0.7896718665949435
1983,10,17.92,13.92,1983-10-01,0.7767857142857142
1983,11,16.01,11.57,1983-11-01,0.7226733291692692
1983,12,10.39,6.71,1983-12-01,0.6458132820019249
1984,1,4.78,2.93,1984-01-01,0.6129707112970711
1984,2,2.68,1.75,1984-02-01,0.6529850746268656
1984,3,3.61,2.34,1984-03-01,0.6481994459833795
1984,4,6.42,4.53,1984-04-01,0.705607476635514
1984,5,9.75,7.41,1984-05-01,0.76
1984,6,13.23,10.64,1984-06-01,0.8042328042328043
1984,7,16.4,13.38,1984-07-01,0.8158536585365855
1984,8,17.93,14.23,1984-08-01,0.7936419408812048
1984,9,18.17,14.27,1984-09-01,0.7853604843148045
1984,10,17.57,13.73,1984-10-01,0.7814456459874787
1984,11,16.13,12.06,1984-11-01,0.7476751394916306
1984,12,10.47,6.96,1984-12-01,0.664756446991404
1985,1,4.46,2.87,1985-01-01,0.6434977578475337
1985,2,2.84,1.83,1985-02-01,0.6443661971830986
1985,3,3.72,2.54,1985-03-01,0.6827956989247311
1985,4,6.49,4.74,1985-04-01,0.7303543913713405
1985,5,10.15,7.84,1985-05-01,0.7724137931034483
1985,6,13.43,10.51,1985-06-01,0.7825763216679077
1985,7,15.72,12.48,1985-07-01,0.7938931297709924
1985,8,17.63,14.24,1985-08-01,0.8077141236528645
1985,9,18.7,14.72,1985-09-01,0.7871657754010696
1985,10,18.2,14.37,1985-10-01,0.7895604395604395
1985,11,16.14,12.34,1985-11-01,0.7645600991325898
1985,12,11.35,7.46,1985-12-01,0.6572687224669603
1986,1,5.42,3.43,1986-01-01,0.6328413284132842
1986,2,3.19,2.0,1986-02-01,0.6269592476489029
1986,3,3.7,2.38,1986-03-01,0.6432432432432432
1986,4,6.39,4.56,1986-04-01,0.7136150234741784
1986,5,9.3,7.04,1986-05-01,0.7569892473118279
1986,6,12.69,9.72,1986-06-01,0.7659574468085107
1986,7,15.32,12.09,1986-07-01,0.7891644908616188
1986,8,17.0,13.46,1986-08-01,0.791764705882353
1986,9,17.68,13.88,1986-09-01,0.7850678733031675
1986,10,17.18,13.32,1986-10-01,0.7753201396973225
1986,11,15.01,10.87,1986-11-01,0.7241838774150566
1986,12,9.65,6.49,1986-12-01,0.672538860103627
1987,1,5.13,3.31,1987-01-01,0.645224171539961
1987,2,3.25,2.0,1987-02-01,0.6153846153846154
1987,3,4.11,2.75,1987-03-01,0.6690997566909975
1987,4,6.8,5.04,1987-04-01,0.7411764705882353
1987,5,9.69,7.53,1987-05-01,0.7770897832817338
1987,6,12.68,9.91,1987-06-01,0.7815457413249212
1987,7,15.75,12.5,1987-07-01,0.7936507936507936
1987,8,17.6,14.02,1987-08-01,0.796590909090909
1987,9,18.25,14.27,1987-09-01,0.7819178082191781
1987,10,17.67,13.71,1987-10-01,0.7758913412563667
1987,11,15.58,11.23,1987-11-01,0.7207958921694481
1988,2,2.89,1.9,1988-02-01,0.657439446366782
1988,3,3.97,2.59,1988-03-01,0.6523929471032744
1988,4,6.29,4.44,1988-04-01,0.7058823529411765
1988,5,9.6,7.23,1988-05-01,0.753125
1988,6,13.09,10.28,1988-06-01,0.7853323147440794
1988,7,15.75,12.62,1988-07-01,0.8012698412698412
1988,8,17.56,13.98,1988-08-01,0.7961275626423691
1988,9,18.31,14.2,1988-09-01,0.7755324959038776
1988,10,18.36,14.41,1988-10-01,0.7848583877995643
1988,11,16.15,12.29,1988-11-01,0.7609907120743035
1988,12,11.06,7.4,1988-12-01,0.6690777576853526
1989,1,4.74,3.17,1989-01-01,0.6687763713080168
1989,2,2.98,2.03,1989-02-01,0.6812080536912751
1989,3,3.93,2.59,1989-03-01,0.6590330788804071
1989,4,6.31,4.5,1989-04-01,0.7131537242472267
1989,5,10.3,8.0,1989-05-01,0.7766990291262136
1989,6,13.58,10.81,1989-06-01,0.7960235640648012
1989,7,15.71,12.58,1989-07-01,0.800763844684914
1989,8,17.47,14.03,1989-08-01,0.8030910131654264
1989,9,18.12,14.48,1989-09-01,0.7991169977924945
1989,10,17.86,13.85,1989-10-01,0.7754759238521837
1989,11,15.73,11.42,1989-11-01,0.7260012714558168
1989,12,9.84,6.7,1989-12-01,0.6808943089430894
1990,1,4.87,3.39,1990-01-01,0.6960985626283368
1990,2,3.04,2.21,1990-02-01,0.7269736842105263
1990,3,3.97,2.79,1990-03-01,0.7027707808564232
1990,4,7.0,5.18,1990-04-01,0.74
1990,5,9.72,7.46,1990-05-01,0.7674897119341563
1990,6,13.08,10.35,1990-06-01,0.7912844036697247
1990,7,15.57,12.27,1990-07-01,0.7880539499036608
1990,8,17.57,14.03,1990-08-01,0.7985202048947069
1990,9,18.19,14.39,1990-09-01,0.7910940076965365
1990,10,17.95,13.8,1990-10-01,0.7688022284122563
1990,11,15.47,11.35,1990-11-01,0.733678086619263
1990,12,9.95,6.73,1990-12-01,0.6763819095477388
1991,1,5.34,3.52,1991-01-01,0.6591760299625469
1991,2,3.16,2.09,1991-02-01,0.6613924050632911
1991,3,3.81,2.65,1991-03-01,0.6955380577427821
1991,4,7.05,5.18,1991-04-01,0.7347517730496453
1991,5,10.28,7.86,1991-05-01,0.764591439688716
1991,6,13.07,9.99,1991-06-01,0.764345830145371
1991,7,15.55,12.22,1991-07-01,0.7858520900321544
1991,8,17.72,14.05,1991-08-01,0.7928893905191875
1991,9,18.31,14.47,1991-09-01,0.7902785363189515
1991,10,17.92,13.8,1991-10-01,0.7700892857142857
1991,11,15.58,11.46,1991-11-01,0.7355584082156612
1991,12,10.19,6.8,1991-12-01,0.6673209028459274
1992,1,4.75,3.24,1992-01-01,0.6821052631578948
1992,2,2.84,1.86,1992-02-01,0.6549295774647887
1992,3,3.57,2.47,1992-03-01,0.6918767507002802
1992,4,6.79,5.0,1992-04-01,0.7363770250368189
1992,5,9.92,7.62,1992-05-01,0.7681451612903226
1992,6,12.81,10.0,1992-06-01,0.78064012490242
1992,7,15.89,12.58,1992-07-01,0.7916928886091882
1992,8,17.73,14.17,1992-08-01,0.7992103778905809
1992,9,18.15,14.13,1992-09-01,0.778512396694215
1992,10,17.93,13.85,1992-10-01,0.7724484104852203
1992,11,15.9,11.2,1992-11-01,0.7044025157232704
1992,12,10.21,6.18,1992-12-01,0.6052889324191968
1993,1,4.41,2.55,1993-01-01,0.5782312925170068
1993,2,2.48,1.37,1993-02-01,0.5524193548387097
1993,3,3.67,2.24,1993-03-01,0.6103542234332425
1993,4,6.65,4.9,1993-04-01,0.7368421052631579
1993,5,10.1,7.89,1993-05-01,0.7811881188118812
1993,6,13.15,10.37,1993-06-01,0.7885931558935361
1993,7,15.85,12.72,1993-07-01,0.8025236593059938
1993,8,17.49,13.93,1993-08-01,0.7964551172098342
1993,9,18.54,14.7,1993-09-01,0.7928802588996764
1993,10,18.13,14.17,1993-10-01,0.7815774958632102
1993,11,16.04,11.83,1993-11-01,0.7375311720698254
1993,12,9.93,6.67,1993-12-01,0.6717019133937563
1994,1,4.97,3.37,1994-01-01,0.6780684104627767
1994,2,3.2,2.22,1994-02-01,0.69375
1994,3,4.55,3.2,1994-03-01,0.7032967032967034
1994,4,7.22,5.45,1994-04-01,0.7548476454293629
1994,5,10.41,8.21,1994-05-01,0.7886647454370798
1994,6,13.56,10.73,1994-06-01,0.7912979351032449
1994,7,16.3,13.12,1994-07-01,0.8049079754601226
1994,8,17.84,14.49,1994-08-01,0.8122197309417041
1994,9,18.61,14.61,1994-09-01,0.7850617947340139
1994,10,18.09,14.07,1994-10-01,0.7777777777777778
1994,11,15.88,11.78,1994-11-01,0.7418136020151133
1994,12,10.1,7.11,1994-12-01,0.703960396039604
1995,1,5.64,3.73,1995-01-01,0.6613475177304965
1995,2,3.56,2.19,1995-02-01,0.6151685393258427
1995,3,4.63,3.01,1995-03-01,0.6501079913606911
1995,4,7.27,5.4,1995-04-01,0.7427785419532326
1995,5,10.42,8.19,1995-05-01,0.7859884836852207
1995,6,13.29,10.46,1995-06-01,0.7870579382994733
1995,7,15.74,12.53,1995-07-01,0.7960609911054637
1995,8,17.78,14.2,1995-08-01,0.7986501687289088
1995,9,18.37,14.46,1995-09-01,0.7871529667936854
1995,10,18.03,13.57,1995-10-01,0.7526344980587909
1995,11,15.63,11.49,1995-11-01,0.7351247600767754
1995,12,10.62,7.19,1995-12-01,0.6770244821092279
1996,1,5.87,3.55,1996-01-01,0.604770017035775
1996,2,2.98,1.77,1996-02-01,0.5939597315436241
1996,3,4.18,2.65,1996-03-01,0.6339712918660287
1996,4,7.28,5.37,1996-04-01,0.7376373626373627
1996,5,10.92,8.65,1996-05-01,0.7921245421245422
1996,6,13.87,11.09,1996-06-01,0.7995674116798847
1996,7,16.12,12.89,1996-07-01,0.7996277915632755
1996,8,17.74,13.9,1996-08-01,0.7835400225479144
1996,9,18.63,14.54,1996-09-01,0.7804616210413312
1996,10,17.96,13.94,1996-10-01,0.7761692650334076
1996,11,15.72,11.24,1996-11-01,0.7150127226463104
1996,12,9.65,6.24,1996-12-01,0.6466321243523316
1997,1,4.2,2.77,1997-01-01,0.6595238095238095
1997,2,2.49,1.72,1997-02-01,0.6907630522088353
1997,3,3.46,2.3,1997-03-01,0.6647398843930635
1997,4,6.49,4.84,1997-04-01,0.7457627118644067
1997,5,10.12,7.91,1997-05-01,0.7816205533596838
1997,6,13.12,10.22,1997-06-01,0.7789634146341464
1997,7,15.92,12.75,1997-07-01,0.8008793969849246
1997,8,17.68,14.09,1997-08-01,0.7969457013574661
1997,9,18.6,14.59,1997-09-01,0.7844086021505375
1997,10,17.99,14.12,1997-10-01,0.7848804891606448
1997,11,15.73,11.59,1997-11-01,0.736808645899555
1997,12,10.29,6.99,1997-12-01,0.6793002915451896
1998,1,4.46,3.04,1998-01-01,0.6816143497757847
1998,2,2.99,1.87,1998-02-01,0.6254180602006689
1998,3,4.11,2.71,1998-03-01,0.6593673965936739
1998,4,6.85,5.12,1998-04-01,0.7474452554744526
1998,5,10.33,7.91,1998-05-01,0.7657308809293321
1998,6,13.31,10.34,1998-06-01,0.7768595041322314
1998,7,15.96,12.66,1998-07-01,0.7932330827067668
1998,8,17.88,14.06,1998-08-01,0.7863534675615214
1998,9,18.9,14.84,1998-09-01,0.7851851851851852
1998,10,18.66,14.54,1998-10-01,0.7792068595927116
1998,11,16.3,11.88,1998-11-01,0.7288343558282209
1998,12,10.52,6.8,1998-12-01,0.6463878326996197
1999,1,4.82,3.11,1999-01-01,0.6452282157676348
1999,2,2.97,1.77,1999-02-01,0.5959595959595959
1999,3,3.98,2.58,1999-03-01,0.6482412060301508
1999,4,6.89,5.13,1999-04-01,0.7445573294629899
1999,5,10.27,8.07,1999-05-01,0.7857838364167479
1999,6,13.65,10.83,1999-06-01,0.7934065934065934
1999,7,16.28,13.06,1999-07-01,0.8022113022113022
1999,8,17.96,14.24,1999-08-01,0.7928730512249443
1999,9,18.7,14.62,1999-09-01,0.7818181818181819
1999,10,18.35,14.23,1999-10-01,0.7754768392370572
1999,11,15.96,11.51,1999-11-01,0.7211779448621554
1999,12,10.72,6.8,1999-12-01,0.6343283582089552
2000,1,4.75,2.92,2000-01-01,0.6147368421052631
2000,2,2.91,1.72,2000-02-01,0.5910652920962199
2000,3,4.09,2.67,2000-03-01,0.6528117359413202
2000,4,7.13,5.31,2000-04-01,0.7447405329593267
2000,5,10.92,8.56,2000-05-01,0.783882783882784
2000,6,13.89,11.04,2000-06-01,0.794816414686825
2000,7,16.1,12.99,2000-07-01,0.8068322981366459
2000,8,18.21,14.64,2000-08-01,0.8039538714991763
2000,9,18.89,15.07,2000-09-01,0.7977766013763896
2000,10,18.13,14.26,2000-10-01,0.7865416436845009
2000,11,15.76,11.81,2000-11-01,0.7493654822335026
2000,12,9.91,6.95,2000-12-01,0.7013118062563067
2001,1,5.23,3.64,2001-01-01,0.6959847036328871
2001,2,3.65,2.44,2001-02-01,0.6684931506849315
2001,3,4.73,3.36,2001-03-01,0.7103594080338266
2001,4,7.04,5.3,2001-04-01,0.7528409090909091
2001,5,10.33,8.0,2001-05-01,0.7744433688286544
2001,6,13.42,10.56,2001-06-01,0.7868852459016394
2001,7,15.85,12.58,2001-07-01,0.7936908517350157
2001,8,17.42,13.75,2001-08-01,0.7893226176808266
2001,9,18.17,14.36,2001-09-01,0.7903137039075397
2001,10,17.73,13.34,2001-10-01,0.7523970671178792
2001,11,15.61,11.0,2001-11-01,0.7046764894298527
2001,12,10.35,6.36,2001-12-01,0.6144927536231884
2002,1,4.74,2.95,2002-01-01,0.6223628691983123
2002,2,2.96,1.82,2002-02-01,0.6148648648648649
2002,3,3.75,2.36,2002-03-01,0.6293333333333333
2002,4,6.33,4.59,2002-04-01,0.7251184834123222
2002,5,9.51,7.18,2002-05-01,0.7549947423764458
2002,6,12.38,9.7,2002-06-01,0.7835218093699514
2002,7,15.41,12.52,2002-07-01,0.8124594419208306
2002,8,17.07,13.74,2002-08-01,0.804920913884007
2002,9,17.89,14.1,2002-09-01,0.7881498043599776
2002,10,17.87,13.82,2002-10-01,0.7733631785114717
2002,11,15.41,11.67,2002-11-01,0.7573004542504866
2002,12,10.79,7.61,2002-12-01,0.7052826691380909
2003,1,5.77,4.11,2003-01-01,0.7123050259965339
2003,2,3.79,2.66,2003-02-01,0.7018469656992085
2003,3,4.44,3.24,2003-03-01,0.7297297297297297
2003,4,7.21,5.56,2003-04-01,0.7711511789181692
2003,5,10.74,8.45,2003-05-01,0.786778398510242
2003,6,13.99,11.16,2003-06-01,0.7977126518942101
2003,7,16.4,13.17,2003-07-01,0.8030487804878049
2003,8,17.58,13.77,2003-08-01,0.7832764505119455
2003,9,18.3,14.14,2003-09-01,0.7726775956284153
2003,10,18.2,13.87,2003-10-01,0.762087912087912
2003,11,16.11,11.47,2003-11-01,0.7119801365611422
2003,12,10.56,7.2,2003-12-01,0.6818181818181818
2004,1,5.59,3.8,2004-01-01,0.6797853309481217
2004,2,3.58,2.36,2004-02-01,0.659217877094972
2004,3,4.53,3.16,2004-03-01,0.6975717439293598
2004,4,7.28,5.39,2004-04-01,0.7403846153846153
2004,5,10.47,8.19,2004-05-01,0.7822349570200572
2004,6,13.78,10.89,2004-06-01,0.7902757619738753
2004,7,16.33,13.16,2004-07-01,0.8058787507654624
2004,8,18.01,14.23,2004-08-01,0.79011660188784
2004,9,18.92,14.59,2004-09-01,0.7711416490486257
2004,10,18.46,14.12,2004-10-01,0.7648970747562296
2004,11,16.08,11.75,2004-11-01,0.730721393034826
2004,12,10.23,6.93,2004-12-01,0.6774193548387096
2005,1,4.75,3.18,2005-01-01,0.6694736842105263
2005,2,2.97,1.97,2005-02-01,0.6632996632996633
2005,3,4.08,2.73,2005-03-01,0.6691176470588235
2005,4,7.03,5.19,2005-04-01,0.7382645803698435
2005,5,10.29,7.96,2005-05-01,0.7735665694849369
2005,6,13.29,10.31,2005-06-01,0.7757712565838978
2005,7,16.16,12.72,2005-07-01,0.7871287128712872
2005,8,17.92,13.95,2005-08-01,0.7784598214285713
2005,9,18.8,14.85,2005-09-01,0.7898936170212766
2005,10,18.48,14.04,2005-10-01,0.7597402597402597
2005,11,16.32,11.8,2005-11-01,0.7230392156862745
2005,12,9.68,6.33,2005-12-01,0.6539256198347108
2006,1,4.16,2.81,2006-01-01,0.6754807692307693
2006,2,2.65,1.76,2006-02-01,0.6641509433962265
2006,3,3.21,2.01,2006-03-01,0.6261682242990654
2006,4,6.01,4.28,2006-04-01,0.7121464226289518
2006,5,9.46,7.2,2006-05-01,0.7610993657505285
2006,6,13.34,10.58,2006-06-01,0.7931034482758621
2006,7,16.11,12.88,2006-07-01,0.7995034140285537
2006,8,18.1,14.54,2006-08-01,0.8033149171270717
2006,9,19.09,15.18,2006-09-01,0.7951807228915663
2006,10,18.73,14.68,2006-10-01,0.7837693539775761
2006,11,16.23,11.61,2006-11-01,0.7153419593345656
2006,12,9.85,6.48,2006-12-01,0.6578680203045686
2007,1,4.67,3.0,2007-01-01,0.6423982869379015
2007,2,2.9,1.94,2007-02-01,0.6689655172413793
2007,3,3.83,2.54,2007-03-01,0.6631853785900783
2007,4,6.42,4.7,2007-04-01,0.7320872274143303
2007,5,9.65,7.54,2007-05-01,0.7813471502590673
2007,6,13.29,10.48,2007-06-01,0.7885628291948834
2007,7,15.96,12.61,2007-07-01,0.7901002506265663
2007,8,17.68,14.03,2007-08-01,0.793552036199095
2007,9,18.86,15.39,2007-09-01,0.8160127253446448
2007,10,18.51,14.59,2007-10-01,0.7882225823878983
2007,11,15.89,12.16,2007-11-01,0.7652611705475142
2007,12,11.98,8.38,2007-12-01,0.6994991652754592
2008,1,6.41,4.07,2008-01-01,0.6349453978159126
2008,2,3.89,2.4,2008-02-01,0.6169665809768637
2008,3,5.28,3.68,2008-03-01,0.696969696969697
2008,4,8.24,6.23,2008-04-01,0.7560679611650486
2008,5,11.05,8.6,2008-05-01,0.7782805429864252
2008,6,14.06,11.4,2008-06-01,0.8108108108108109
2008,7,16.09,12.95,2008-07-01,0.8048477315102548
2008,8,17.64,14.13,2008-08-01,0.8010204081632654
2008,9,18.15,14.39,2008-09-01,0.7928374655647383
2008,10,17.99,14.12,2008-10-01,0.7848804891606448
2008,11,16.25,12.01,2008-11-01,0.7390769230769231
2008,12,11.51,7.39,2008-12-01,0.6420503909643788
2009,1,5.71,3.5,2009-01-01,0.6129597197898424
2009,2,2.99,1.97,2009-02-01,0.6588628762541805
2009,3,4.44,3.02,2009-03-01,0.6801801801801801
2009,4,7.8,5.96,2009-04-01,0.7641025641025642
2009,5,10.93,8.46,2009-05-01,0.7740164684354988
2009,6,13.91,11.09,2009-06-01,0.7972681524083393
2009,7,16.26,13.09,2009-07-01,0.8050430504305042
2009,8,18.1,14.45,2009-08-01,0.798342541436464
2009,9,18.96,15.08,2009-09-01,0.7953586497890295
2009,10,18.3,14.35,2009-10-01,0.7841530054644809
2009,11,15.85,11.8,2009-11-01,0.7444794952681388
2009,12,10.74,7.09,2009-12-01,0.6601489757914338
2010,1,4.96,3.33,2010-01-01,0.6713709677419355
2010,2,3.11,2.11,2010-02-01,0.6784565916398714
2010,3,3.85,2.66,2010-03-01,0.6909090909090909
2010,4,6.72,5.0,2010-04-01,0.7440476190476191
2010,5,10.64,8.33,2010-05-01,0.7828947368421052
2010,6,14.41,11.65,2010-06-01,0.8084663428174879
2010,7,16.92,13.74,2010-07-01,0.8120567375886524
2010,8,18.61,14.95,2010-08-01,0.8033315421816227
2010,9,18.8,14.43,2010-09-01,0.7675531914893616
2010,10,18.65,14.41,2010-10-01,0.7726541554959786
2010,11,16.75,11.92,2010-11-01,0.7116417910447761
2010,12,11.27,6.94,2010-12-01,0.6157941437444544
2011,1,4.51,3.05,2011-01-01,0.6762749445676275
2011,2,2.52,1.86,2011-02-01,0.7380952380952381
2011,3,3.37,2.26,2011-03-01,0.6706231454005934
2011,4,6.1,4.39,2011-04-01,0.719672131147541
2011,5,10.09,7.85,2011-05-01,0.777998017839445
2011,6,13.33,10.54,2011-06-01,0.7906976744186046
2011,7,15.75,12.34,2011-07-01,0.7834920634920635
2011,8,17.81,14.04,2011-08-01,0.7883211678832117
2011,9,18.74,14.57,2011-09-01,0.7774813233724654
2011,10,18.22,14.23,2011-10-01,0.7810098792535676
2011,11,15.76,11.77,2011-11-01,0.7468274111675127
2011,12,11.2,7.4,2011-12-01,0.6607142857142858
2012,1,5.65,3.71,2012-01-01,0.6566371681415929
2012,2,3.55,2.19,2012-02-01,0.6169014084507043
2012,3,4.55,2.91,2012-03-01,0.6395604395604396
2012,4,7.31,5.55,2012-04-01,0.759233926128591
2012,5,10.46,8.15,2012-05-01,0.7791586998087954
2012,6,13.55,10.79,2012-06-01,0.7963099630996309
2012,7,16.3,13.31,2012-07-01,0.8165644171779141
2012,8,18.1,14.56,2012-08-01,0.8044198895027624
2012,9,19.21,15.41,2012-09-01,0.8021863612701717
2012,10,18.59,14.45,2012-10-01,0.7772996234534696
2012,11,16.11,12.07,2012-11-01,0.7492240844196152
2012,12,10.39,7.38,2012-12-01,0.710298363811357
2013,1,5.54,3.94,2013-01-01,0.7111913357400722
2013,2,3.84,2.58,2013-02-01,0.671875
2013,3,5.02,3.49,2013-03-01,0.6952191235059761
2013,4,7.62,5.75,2013-04-01,0.7545931758530183
2013,5,10.92,8.49,2013-05-01,0.7774725274725275
2013,6,14.15,11.27,2013-06-01,0.7964664310954063
2013,7,16.81,13.73,2013-07-01,0.8167757287328972
2013,8,18.66,15.13,2013-08-01,0.8108252947481244
2013,9,19.39,15.28,2013-09-01,0.7880350696235172
2013,10,19.02,15.13,2013-10-01,0.795478443743428
2013,11,16.87,12.77,2013-11-01,0.7569650266745702
2013,12,11.85,8.34,2013-12-01,0.7037974683544304
2014,1,6.33,4.38,2014-01-01,0.6919431279620852
2014,2,3.84,2.65,2014-02-01,0.6901041666666666
2014,3,4.9,3.32,2014-03-01,0.6775510204081632
2014,4,8.34,6.41,2014-04-01,0.7685851318944844
2014,5,11.52,9.03,2014-05-01,0.7838541666666666
2014,6,14.69,12.06,2014-06-01,0.8209666439754936
2014,7,17.11,13.95,2014-07-01,0.81531268264173
2014,8,18.91,15.1,2014-08-01,0.7985193019566367
2014,9,19.76,15.75,2014-09-01,0.7970647773279351
2014,10,19.0,14.83,2014-10-01,0.7805263157894737
2014,11,16.39,12.26,2014-11-01,0.7480170835875534
2014,12,11.93,8.21,2014-12-01,0.6881810561609389
2015,1,6.85,4.34,2015-01-01,0.6335766423357664
2015,2,3.8,2.54,2015-02-01,0.668421052631579
2015,3,4.96,3.45,2015-03-01,0.6955645161290323
2015,4,8.37,6.37,2015-04-01,0.7610513739545999
2015,5,11.72,9.21,2015-05-01,0.7858361774744027
2015,6,14.47,11.48,2015-06-01,0.7933655839668279
2015,7,16.78,13.45,2015-07-01,0.8015494636471989
2015,8,17.75,14.02,2015-08-01,0.7898591549295775
2015,9,18.44,14.45,2015-09-01,0.7836225596529284
2015,10,18.41,14.36,2015-10-01,0.7800108636610538
2015,11,16.18,11.9,2015-11-01,0.7354758961681088
2015,12,10.66,7.09,2015-12-01,0.6651031894934334
2016,1,4.69,3.03,2016-01-01,0.6460554371002131
2016,2,2.79,1.86,2016-02-01,0.6666666666666667
2016,3,4.07,2.77,2016-03-01,0.6805896805896805
2016,4,7.22,5.38,2016-04-01,0.7451523545706371
2016,5,10.1,7.91,2016-05-01,0.7831683168316832
2016,6,13.24,10.61,2016-06-01,0.8013595166163141
2016,7,16.02,12.55,2016-07-01,0.7833957553058677
2016,8,17.89,13.98,2016-08-01,0.781442146450531
2016,9,18.15,13.86,2016-09-01,0.7636363636363637
2016,10,17.46,12.94,2016-10-01,0.7411225658648338
2016,11,14.22,9.84,2016-11-01,0.6919831223628692
2016,12,8.28,5.51,2016-12-01,0.6654589371980677
2017,1,3.78,2.56,2017-01-01,0.6772486772486773
2017,2,2.29,1.64,2017-02-01,0.7161572052401746
2017,3,2.7,1.83,2017-03-01,0.6777777777777778
2017,4,5.44,3.93,2017-04-01,0.7224264705882353
2017,5,9.01,6.83,2017-05-01,0.758046614872364
2017,6,12.41,9.8,2017-06-01,0.7896857373086221
2017,7,15.3,12.28,2017-07-01,0.8026143790849672
2017,8,17.22,13.62,2017-08-01,0.7909407665505227
2017,9,17.91,13.92,2017-09-01,0.7772194304857621
2017,10,17.78,13.45,2017-10-01,0.7564679415073114
2017,11,15.11,10.91,2017-11-01,0.7220383851753805
2017,12,9.48,6.23,2017-12-01,0.6571729957805907
2018,1,4.21,2.69,2018-01-01,0.6389548693586699
2018,2,2.33,1.63,2018-02-01,0.6995708154506437
2018,3,3.54,2.31,2018-03-01,0.652542372881356
2018,4,6.03,4.15,2018-04-01,0.6882255389718076
2018,5,9.32,7.15,2018-05-01,0.7671673819742489
2018,6,12.89,10.23,2018-06-01,0.7936384794414275
2018,7,15.7,12.49,2018-07-01,0.7955414012738854
2018,8,17.42,14.01,2018-08-01,0.8042479908151549
2018,9,17.96,14.2,2018-09-01,0.7906458797327394
2018,10,17.73,13.99,2018-10-01,0.7890580936266215
2018,11,15.1,10.75,2018-11-01,0.7119205298013245
2018,12,9.19,5.59,2018-12-01,0.6082698585418934
2019,1,3.87,2.66,2019-01-01,0.6873385012919897
2019,2,2.65,1.81,2019-02-01,0.6830188679245284
2019,3,3.17,2.1,2019-03-01,0.6624605678233438
2019,4,5.72,4.18,2019-04-01,0.7307692307692307
2019,5,8.85,6.84,2019-05-01,0.7728813559322034
2019,6,12.25,9.75,2019-06-01,0.7959183673469388
2019,7,15.3,12.33,2019-07-01,0.8058823529411764
2019,8,17.48,13.99,2019-08-01,0.8003432494279176
2019,9,18.33,14.6,2019-09-01,0.7965084560829242
2019,10,17.94,13.9,2019-10-01,0.7748049052396878
2019,11,14.99,11.19,2019-11-01,0.7464976651100733
2019,12,9.41,6.59,2019-12-01,0.7003188097768331
2020,1,4.6,3.09,2020-01-01,0.6717391304347826
2020,2,2.92,1.83,2020-02-01,0.6267123287671234
2020,3,4.0,2.59,2020-03-01,0.6475
2020,4,6.66,4.81,2020-04-01,0.7222222222222221
2020,5,9.87,7.61,2020-05-01,0.7710233029381967
2020,6,13.27,10.59,2020-06-01,0.7980406932931424
2020,7,15.72,12.58,2020-07-01,0.8002544529262087
2020,8,17.76,14.42,2020-08-01,0.8119369369369369
2020,9,18.84,15.09,2020-09-01,0.8009554140127388
2020,10,18.49,14.6,2020-10-01,0.7896160086533262
2020,11,16.23,11.88,2020-11-01,0.7319778188539742
2020,12,10.57,6.61,2020-12-01,0.6253547776726585
2021,1,4.78,2.94,2021-01-01,0.6150627615062761
2021,2,2.89,1.72,2021-02-01,0.5951557093425606
2021,3,4.48,2.82,2021-03-01,0.6294642857142856
2021,4,7.13,5.29,2021-04-01,0.7419354838709677
2021,5,10.4,8.21,2021-05-01,0.789423076923077
2021,6,13.54,11.05,2021-06-01,0.8161004431314625
2021,7,16.45,13.36,2021-07-01,0.8121580547112462
2021,8,18.19,14.63,2021-08-01,0.8042880703683343
2021,9,18.51,14.42,2021-09-01,0.7790383576445165
2021,10,17.69,13.39,2021-10-01,0.7569248162803843
2021,11,15.04,10.45,2021-11-01,0.694813829787234
2021,12,9.24,5.48,2021-12-01,0.5930735930735931
2022,1,3.94,2.44,2022-01-01,0.6192893401015228
2022,2,2.21,1.38,2022-02-01,0.6244343891402715
2022,3,2.86,1.86,2022-03-01,0.6503496503496504
2022,4,5.95,4.25,2022-04-01,0.7142857142857143
2022,5,9.42,7.29,2022-05-01,0.7738853503184714
2022,6,12.22,9.56,2022-06-01,0.7823240589198036
2022,7,14.99,11.91,2022-07-01,0.7945296864576384
2022,8,17.05,13.67,2022-08-01,0.8017595307917889
2022,9,18.06,14.07,2022-09-01,0.7790697674418605
2022,10,17.47,13.34,2022-10-01,0.7635947338294219
2022,11,15.16,10.84,2022-11-01,0.7150395778364116
2022,12,8.84,5.23,2022-12-01,0.5916289592760181
2023,1,3.3,2.0,2023-01-01,0.6060606060606061
2023,2,1.98,1.19,2023-02-01,0.601010101010101
2023,3,2.84,1.79,2023-03-01,0.6302816901408451
2023,4,5.54,4.0,2023-04-01,0.7220216606498195
2023,5,8.45,6.51,2023-05-01,0.770414201183432
2023,6,11.11,8.58,2023-06-01,0.7722772277227723
2023,7,13.57,10.64,2023-07-01,0.7840825350036846
2023,8,15.57,12.23,2023-08-01,0.7854849068721901
2023,9,16.89,13.01,2023-09-01,0.7702782711663706
2023,10,16.28,12.54,2023-10-01,0.7702702702702702
2023,11,14.38,10.42,2023-11-01,0.7246175243393602
2023,12,8.76,5.93,2023-12-01,0.6769406392694064
2024,1,4.05,2.63,2024-01-01,0.6493827160493827
2024,2,2.19,1.54,2024-02-01,0.7031963470319635
2024,3,3.22,2.15,2024-03-01,0.6677018633540373
2024,4,6.25,4.61,2024-04-01,0.7376
2024,5,9.36,7.15,2024-05-01,0.763888888888889
2024,6,11.85,9.15,2024-06-01,0.7721518987341772
2024,7,14.2,11.2,2024-07-01,0.7887323943661971
2024,8,16.41,13.0,2024-08-01,0.7921998781230957
2024,9,17.15,13.32,2024-09-01,0.7766763848396502
2024,10,16.65,12.73,2024-10-01,0.7645645645645647
2024,11,14.31,10.51,2024-11-01,0.7344514325646401
2024,12,9.59,6.61,2024-12-01,0.6892596454640251
2025,1,4.69,2.84,2025-01-01,0.6055437100213219
2025,2,2.22,1.37,2025-02-01,0.6171171171171171
2025,3,3.0,1.93,2025-03-01,0.6433333333333333
2025,4,6.17,4.42,2025-04-01,0.7163695299837926
2025,5,9.27,7.14,2025-05-01,0.7702265372168284
2025,6,12.11,9.47,2025-06-01,0.781998348472337
2025,7,14.66,11.69,2025-07-01,0.7974079126875853
2025,8,16.5,13.06,2025-08-01,0.7915151515151515
2025,9,17.64,13.54,2025-09-01,0.7675736961451246
2025,10,16.96,12.7,2025-10-01,0.7488207547169811
2025,11,14.58,10.64,2025-11-01,0.729766803840878
2025,12,9.22,6.26,2025-12-01,0.6789587852494576
2026,1,4.49,3.01,2026-01-01,0.6703786191536748
2026,2,2.91,1.86,2026-02-01,0.6391752577319587
2026,3,3.57,2.18,2026-03-01,0.6106442577030813
2026,4,6.18,4.48,2026-04-01,0.7249190938511327
2026,5,9.34,7.16,2026-05-01,0.7665952890792291
2026,6,12.33,9.76,2026-06-01,0.7915652879156528
2026,7,15.01,11.81,2026-07-01,0.7868087941372419
